[    1205ms] [INFO] %cDownload the React DevTools for a better development experience: https://reactjs.org/link/react-devtools font-weight:bold @ webpack-internal:///(app-pages-browser)/./node_modules/next/dist/compiled/react-dom/cjs/react-dom.development.js:38559
[  151661ms] [LOG] [Fast Refresh] rebuilding @ webpack-internal:///(app-pages-browser)/./node_modules/next/dist/client/components/react-dev-overlay/app/hot-reloader-client.js:186
[  152975ms] [LOG] [Fast Refresh] rebuilding @ webpack-internal:///(app-pages-browser)/./node_modules/next/dist/client/components/react-dev-overlay/app/hot-reloader-client.js:186
[  153290ms] [LOG] [Fast Refresh] done in 316ms @ webpack-internal:///(app-pages-browser)/./node_modules/next/dist/client/components/react-dev-overlay/app/hot-reloader-client.js:43
[  154698ms] [ERROR] Warning: Cannot update a component (`%s`) while rendering a different component (`%s`). To locate the bad setState() call inside `%s`, follow the stack trace as described in https://reactjs.org/link/setstate-in-render%s HotReload HeroPreview HeroPreview 
    at HeroPreview (webpack-internal:///(app-pages-browser)/./src/components/landing-hero.tsx:1513:22)
    at div
    at section
    at div
    at MotionDOMComponent (webpack-internal:///(app-pages-browser)/../../node_modules/framer-motion/dist/es/motion/index.mjs:65:65)
    at LandingHero (webpack-internal:///(app-pages-browser)/./src/components/landing-hero.tsx:162:88)
    at div
    at LandingPage (Server)
    at InnerLayoutRouter (webpack-internal:///(app-pages-browser)/./node_modules/next/dist/client/components/layout-router.js:243:11)
    at RedirectErrorBoundary (webpack-internal:///(app-pages-browser)/./node_modules/next/dist/client/components/redirect-boundary.js:74:9)
    at RedirectBoundary (webpack-internal:///(app-pages-browser)/./node_modules/next/dist/client/components/redirect-boundary.js:82:11)
    at NotFoundErrorBoundary (webpack-internal:///(app-pages-browser)/./node_modules/next/dist/client/components/not-found-boundary.js:76:9)
    at NotFoundBoundary (webpack-internal:///(app-pages-browser)/./node_modules/next/dist/client/components/not-found-boundary.js:84:11)
    at LoadingBoundary (webpack-internal:///(app-pages-browser)/./node_modules/next/dist/client/components/layout-router.js:349:11)
    at ErrorBoundary (webpack-internal:///(app-pages-browser)/./node_modules/next/dist/client/components/error-boundary.js:160:11)
    at InnerScrollAndFocusHandler (webpack-internal:///(app-pages-browser)/./node_modules/next/dist/client/components/layout-router.js:153:9)
    at ScrollAndFocusHandler (webpack-internal:///(app-pages-browser)/./node_modules/next/dist/client/components/layout-router.js:228:11)
    at RenderFromTemplateContext (webpack-internal:///(app-pages-browser)/./node_modules/next/dist/client/components/render-from-template-context.js:16:44)
    at OuterLayoutRouter (webpack-internal:///(app-pages-browser)/./node_modules/next/dist/client/components/layout-router.js:370:11)
    at body
    at html
    at RootLayout (Server)
    at RedirectErrorBoundary (webpack-internal:///(app-pages-browser)/./node_modules/next/dist/client/components/redirect-boundary.js:74:9)
    at RedirectBoundary (webpack-internal:///(app-pages-browser)/./node_modules/next/dist/client/components/redirect-boundary.js:82:11)
    at NotFoundErrorBoundary (webpack-internal:///(app-pages-browser)/./node_modules/next/dist/client/components/not-found-boundary.js:76:9)
    at NotFoundBoundary (webpack-internal:///(app-pages-browser)/./node_modules/next/dist/client/components/not-found-boundary.js:84:11)
    at DevRootNotFoundBoundary (webpack-internal:///(app-pages-browser)/./node_modules/next/dist/client/components/dev-root-not-found-boundary.js:33:11)
    at ReactDevOverlay (webpack-internal:///(app-pages-browser)/./node_modules/next/dist/client/components/react-dev-overlay/app/ReactDevOverlay.js:87:9)
    at HotReload (webpack-internal:///(app-pages-browser)/./node_modules/next/dist/client/components/react-dev-overlay/app/hot-reloader-client.js:321:11)
    at Router (webpack-internal:///(app-pages-browser)/./node_modules/next/dist/client/components/app-router.js:207:11)
    at ErrorBoundaryHandler (webpack-internal:///(app-pages-browser)/./node_modules/next/dist/client/components/error-boundary.js:113:9)
    at ErrorBoundary (webpack-internal:///(app-pages-browser)/./node_modules/next/dist/client/components/error-boundary.js:160:11)
    at AppRouter (webpack-internal:///(app-pages-browser)/./node_modules/next/dist/client/components/app-router.js:585:13)
    at ServerRoot (webpack-internal:///(app-pages-browser)/./node_modules/next/dist/client/app-index.js:112:27)
    at Root (webpack-internal:///(app-pages-browser)/./node_modules/next/dist/client/app-index.js:117:11) @ webpack-internal:///(app-pages-browser)/./node_modules/next/dist/client/app-index.js:32
[  155086ms] ReferenceError: entered is not defined
    at useLandingChatPlayback (webpack-internal:///(app-pages-browser)/./src/components/landing-hero.tsx:1501:9)
    at HeroPreview (webpack-internal:///(app-pages-browser)/./src/components/landing-hero.tsx:1513:22)
    at renderWithHooks (webpack-internal:///(app-pages-browser)/./node_modules/next/dist/compiled/react-dom/cjs/react-dom.development.js:11121:18)
    at mountIndeterminateComponent (webpack-internal:///(app-pages-browser)/./node_modules/next/dist/compiled/react-dom/cjs/react-dom.development.js:16869:13)
    at beginWork$1 (webpack-internal:///(app-pages-browser)/./node_modules/next/dist/compiled/react-dom/cjs/react-dom.development.js:18458:16)
    at HTMLUnknownElement.callCallback (webpack-internal:///(app-pages-browser)/./node_modules/next/dist/compiled/react-dom/cjs/react-dom.development.js:20565:14)
    at Object.invokeGuardedCallbackImpl (webpack-internal:///(app-pages-browser)/./node_modules/next/dist/compiled/react-dom/cjs/react-dom.development.js:20614:16)
    at invokeGuardedCallback (webpack-internal:///(app-pages-browser)/./node_modules/next/dist/compiled/react-dom/cjs/react-dom.development.js:20689:29)
    at beginWork (webpack-internal:///(app-pages-browser)/./node_modules/next/dist/compiled/react-dom/cjs/react-dom.development.js:26949:7)
    at performUnitOfWork (webpack-internal:///(app-pages-browser)/./node_modules/next/dist/compiled/react-dom/cjs/react-dom.development.js:25748:12)
    at workLoopSync (webpack-internal:///(app-pages-browser)/./node_modules/next/dist/compiled/react-dom/cjs/react-dom.development.js:25464:5)
    at renderRootSync (webpack-internal:///(app-pages-browser)/./node_modules/next/dist/compiled/react-dom/cjs/react-dom.development.js:25419:7)
    at performSyncWorkOnRoot (webpack-internal:///(app-pages-browser)/./node_modules/next/dist/compiled/react-dom/cjs/react-dom.development.js:24887:20)
    at flushSyncWorkAcrossRoots_impl (webpack-internal:///(app-pages-browser)/./node_modules/next/dist/compiled/react-dom/cjs/react-dom.development.js:7758:13)
    at flushSyncWorkOnAllRoots (webpack-internal:///(app-pages-browser)/./node_modules/next/dist/compiled/react-dom/cjs/react-dom.development.js:7718:3)
    at flushSync$1 (webpack-internal:///(app-pages-browser)/./node_modules/next/dist/compiled/react-dom/cjs/react-dom.development.js:24999:7)
    at Object.scheduleRefresh (webpack-internal:///(app-pages-browser)/./node_modules/next/dist/compiled/react-dom/cjs/react-dom.development.js:27285:5)
    at eval (webpack-internal:///(app-pages-browser)/./node_modules/next/dist/compiled/react-refresh/cjs/react-refresh-runtime.development.js:265:17)
    at Set.forEach (<anonymous>)
    at Object.performReactRefresh (webpack-internal:///(app-pages-browser)/./node_modules/next/dist/compiled/react-refresh/cjs/react-refresh-runtime.development.js:254:26)
    at applyUpdate (webpack-internal:///(app-pages-browser)/./node_modules/next/dist/compiled/@next/react-refresh-utils/dist/internal/helpers.js:139:31)
    at statusHandler (webpack-internal:///(app-pages-browser)/./node_modules/next/dist/compiled/@next/react-refresh-utils/dist/internal/helpers.js:156:13)
    at setStatus (http://localhost:3000/_next/static/chunks/webpack.js?v=1790954884867:508:55)
    at http://localhost:3000/_next/static/chunks/webpack.js?v=1790954884867:678:21
[  155088ms] ReferenceError: entered is not defined
    at useLandingChatPlayback (webpack-internal:///(app-pages-browser)/./src/components/landing-hero.tsx:1501:9)
    at HeroPreview (webpack-internal:///(app-pages-browser)/./src/components/landing-hero.tsx:1513:22)
    at renderWithHooks (webpack-internal:///(app-pages-browser)/./node_modules/next/dist/compiled/react-dom/cjs/react-dom.development.js:11121:18)
    at mountIndeterminateComponent (webpack-internal:///(app-pages-browser)/./node_modules/next/dist/compiled/react-dom/cjs/react-dom.development.js:16869:13)
    at beginWork$1 (webpack-internal:///(app-pages-browser)/./node_modules/next/dist/compiled/react-dom/cjs/react-dom.development.js:18458:16)
    at beginWork (webpack-internal:///(app-pages-browser)/./node_modules/next/dist/compiled/react-dom/cjs/react-dom.development.js:26927:14)
    at performUnitOfWork (webpack-internal:///(app-pages-browser)/./node_modules/next/dist/compiled/react-dom/cjs/react-dom.development.js:25748:12)
    at workLoopSync (webpack-internal:///(app-pages-browser)/./node_modules/next/dist/compiled/react-dom/cjs/react-dom.development.js:25464:5)
    at renderRootSync (webpack-internal:///(app-pages-browser)/./node_modules/next/dist/compiled/react-dom/cjs/react-dom.development.js:25419:7)
    at performSyncWorkOnRoot (webpack-internal:///(app-pages-browser)/./node_modules/next/dist/compiled/react-dom/cjs/react-dom.development.js:24887:20)
    at flushSyncWorkAcrossRoots_impl (webpack-internal:///(app-pages-browser)/./node_modules/next/dist/compiled/react-dom/cjs/react-dom.development.js:7758:13)
    at flushSyncWorkOnAllRoots (webpack-internal:///(app-pages-browser)/./node_modules/next/dist/compiled/react-dom/cjs/react-dom.development.js:7718:3)
    at flushSync$1 (webpack-internal:///(app-pages-browser)/./node_modules/next/dist/compiled/react-dom/cjs/react-dom.development.js:24999:7)
    at Object.scheduleRefresh (webpack-internal:///(app-pages-browser)/./node_modules/next/dist/compiled/react-dom/cjs/react-dom.development.js:27285:5)
    at eval (webpack-internal:///(app-pages-browser)/./node_modules/next/dist/compiled/react-refresh/cjs/react-refresh-runtime.development.js:265:17)
    at Set.forEach (<anonymous>)
    at Object.performReactRefresh (webpack-internal:///(app-pages-browser)/./node_modules/next/dist/compiled/react-refresh/cjs/react-refresh-runtime.development.js:254:26)
    at applyUpdate (webpack-internal:///(app-pages-browser)/./node_modules/next/dist/compiled/@next/react-refresh-utils/dist/internal/helpers.js:139:31)
    at statusHandler (webpack-internal:///(app-pages-browser)/./node_modules/next/dist/compiled/@next/react-refresh-utils/dist/internal/helpers.js:156:13)
    at setStatus (http://localhost:3000/_next/static/chunks/webpack.js?v=1790954884867:508:55)
    at http://localhost:3000/_next/static/chunks/webpack.js?v=1790954884867:678:21
[  155104ms] ReferenceError: entered is not defined
    at useLandingChatPlayback (webpack-internal:///(app-pages-browser)/./src/components/landing-hero.tsx:1501:9)
    at HeroPreview (webpack-internal:///(app-pages-browser)/./src/components/landing-hero.tsx:1513:22)
    at renderWithHooks (webpack-internal:///(app-pages-browser)/./node_modules/next/dist/compiled/react-dom/cjs/react-dom.development.js:11121:18)
    at mountIndeterminateComponent (webpack-internal:///(app-pages-browser)/./node_modules/next/dist/compiled/react-dom/cjs/react-dom.development.js:16869:13)
    at beginWork$1 (webpack-internal:///(app-pages-browser)/./node_modules/next/dist/compiled/react-dom/cjs/react-dom.development.js:18458:16)
    at beginWork (webpack-internal:///(app-pages-browser)/./node_modules/next/dist/compiled/react-dom/cjs/react-dom.development.js:26927:14)
    at performUnitOfWork (webpack-internal:///(app-pages-browser)/./node_modules/next/dist/compiled/react-dom/cjs/react-dom.development.js:25748:12)
    at workLoopSync (webpack-internal:///(app-pages-browser)/./node_modules/next/dist/compiled/react-dom/cjs/react-dom.development.js:25464:5)
    at renderRootSync (webpack-internal:///(app-pages-browser)/./node_modules/next/dist/compiled/react-dom/cjs/react-dom.development.js:25419:7)
    at performSyncWorkOnRoot (webpack-internal:///(app-pages-browser)/./node_modules/next/dist/compiled/react-dom/cjs/react-dom.development.js:24887:20)
    at flushSyncWorkAcrossRoots_impl (webpack-internal:///(app-pages-browser)/./node_modules/next/dist/compiled/react-dom/cjs/react-dom.development.js:7758:13)
    at flushSyncWorkOnAllRoots (webpack-internal:///(app-pages-browser)/./node_modules/next/dist/compiled/react-dom/cjs/react-dom.development.js:7718:3)
    at flushSync$1 (webpack-internal:///(app-pages-browser)/./node_modules/next/dist/compiled/react-dom/cjs/react-dom.development.js:24999:7)
    at Object.scheduleRefresh (webpack-internal:///(app-pages-browser)/./node_modules/next/dist/compiled/react-dom/cjs/react-dom.development.js:27285:5)
    at eval (webpack-internal:///(app-pages-browser)/./node_modules/next/dist/compiled/react-refresh/cjs/react-refresh-runtime.development.js:265:17)
    at Set.forEach (<anonymous>)
    at Object.performReactRefresh (webpack-internal:///(app-pages-browser)/./node_modules/next/dist/compiled/react-refresh/cjs/react-refresh-runtime.development.js:254:26)
    at applyUpdate (webpack-internal:///(app-pages-browser)/./node_modules/next/dist/compiled/@next/react-refresh-utils/dist/internal/helpers.js:139:31)
    at statusHandler (webpack-internal:///(app-pages-browser)/./node_modules/next/dist/compiled/@next/react-refresh-utils/dist/internal/helpers.js:156:13)
    at setStatus (http://localhost:3000/_next/static/chunks/webpack.js?v=1790954884867:508:55)
    at http://localhost:3000/_next/static/chunks/webpack.js?v=1790954884867:678:21
[  155104ms] ReferenceError: entered is not defined
    at useLandingChatPlayback (webpack-internal:///(app-pages-browser)/./src/components/landing-hero.tsx:1501:9)
    at HeroPreview (webpack-internal:///(app-pages-browser)/./src/components/landing-hero.tsx:1513:22)
    at renderWithHooks (webpack-internal:///(app-pages-browser)/./node_modules/next/dist/compiled/react-dom/cjs/react-dom.development.js:11121:18)
    at mountIndeterminateComponent (webpack-internal:///(app-pages-browser)/./node_modules/next/dist/compiled/react-dom/cjs/react-dom.development.js:16869:13)
    at beginWork$1 (webpack-internal:///(app-pages-browser)/./node_modules/next/dist/compiled/react-dom/cjs/react-dom.development.js:18458:16)
    at beginWork (webpack-internal:///(app-pages-browser)/./node_modules/next/dist/compiled/react-dom/cjs/react-dom.development.js:26927:14)
    at performUnitOfWork (webpack-internal:///(app-pages-browser)/./node_modules/next/dist/compiled/react-dom/cjs/react-dom.development.js:25748:12)
    at workLoopSync (webpack-internal:///(app-pages-browser)/./node_modules/next/dist/compiled/react-dom/cjs/react-dom.development.js:25464:5)
    at renderRootSync (webpack-internal:///(app-pages-browser)/./node_modules/next/dist/compiled/react-dom/cjs/react-dom.development.js:25419:7)
    at performSyncWorkOnRoot (webpack-internal:///(app-pages-browser)/./node_modules/next/dist/compiled/react-dom/cjs/react-dom.development.js:24887:20)
    at flushSyncWorkAcrossRoots_impl (webpack-internal:///(app-pages-browser)/./node_modules/next/dist/compiled/react-dom/cjs/react-dom.development.js:7758:13)
    at flushSyncWorkOnAllRoots (webpack-internal:///(app-pages-browser)/./node_modules/next/dist/compiled/react-dom/cjs/react-dom.development.js:7718:3)
    at flushSync$1 (webpack-internal:///(app-pages-browser)/./node_modules/next/dist/compiled/react-dom/cjs/react-dom.development.js:24999:7)
    at Object.scheduleRefresh (webpack-internal:///(app-pages-browser)/./node_modules/next/dist/compiled/react-dom/cjs/react-dom.development.js:27285:5)
    at eval (webpack-internal:///(app-pages-browser)/./node_modules/next/dist/compiled/react-refresh/cjs/react-refresh-runtime.development.js:265:17)
    at Set.forEach (<anonymous>)
    at Object.performReactRefresh (webpack-internal:///(app-pages-browser)/./node_modules/next/dist/compiled/react-refresh/cjs/react-refresh-runtime.development.js:254:26)
    at applyUpdate (webpack-internal:///(app-pages-browser)/./node_modules/next/dist/compiled/@next/react-refresh-utils/dist/internal/helpers.js:139:31)
    at statusHandler (webpack-internal:///(app-pages-browser)/./node_modules/next/dist/compiled/@next/react-refresh-utils/dist/internal/helpers.js:156:13)
    at setStatus (http://localhost:3000/_next/static/chunks/webpack.js?v=1790954884867:508:55)
    at http://localhost:3000/_next/static/chunks/webpack.js?v=1790954884867:678:21
[  155104ms] ReferenceError: entered is not defined
    at useLandingChatPlayback (webpack-internal:///(app-pages-browser)/./src/components/landing-hero.tsx:1501:9)
    at HeroPreview (webpack-internal:///(app-pages-browser)/./src/components/landing-hero.tsx:1513:22)
    at renderWithHooks (webpack-internal:///(app-pages-browser)/./node_modules/next/dist/compiled/react-dom/cjs/react-dom.development.js:11121:18)
    at mountIndeterminateComponent (webpack-internal:///(app-pages-browser)/./node_modules/next/dist/compiled/react-dom/cjs/react-dom.development.js:16869:13)
    at beginWork$1 (webpack-internal:///(app-pages-browser)/./node_modules/next/dist/compiled/react-dom/cjs/react-dom.development.js:18458:16)
    at beginWork (webpack-internal:///(app-pages-browser)/./node_modules/next/dist/compiled/react-dom/cjs/react-dom.development.js:26927:14)
    at performUnitOfWork (webpack-internal:///(app-pages-browser)/./node_modules/next/dist/compiled/react-dom/cjs/react-dom.development.js:25748:12)
    at workLoopSync (webpack-internal:///(app-pages-browser)/./node_modules/next/dist/compiled/react-dom/cjs/react-dom.development.js:25464:5)
    at renderRootSync (webpack-internal:///(app-pages-browser)/./node_modules/next/dist/compiled/react-dom/cjs/react-dom.development.js:25419:7)
    at performSyncWorkOnRoot (webpack-internal:///(app-pages-browser)/./node_modules/next/dist/compiled/react-dom/cjs/react-dom.development.js:24887:20)
    at flushSyncWorkAcrossRoots_impl (webpack-internal:///(app-pages-browser)/./node_modules/next/dist/compiled/react-dom/cjs/react-dom.development.js:7758:13)
    at flushSyncWorkOnAllRoots (webpack-internal:///(app-pages-browser)/./node_modules/next/dist/compiled/react-dom/cjs/react-dom.development.js:7718:3)
    at flushSync$1 (webpack-internal:///(app-pages-browser)/./node_modules/next/dist/compiled/react-dom/cjs/react-dom.development.js:24999:7)
    at Object.scheduleRefresh (webpack-internal:///(app-pages-browser)/./node_modules/next/dist/compiled/react-dom/cjs/react-dom.development.js:27285:5)
    at eval (webpack-internal:///(app-pages-browser)/./node_modules/next/dist/compiled/react-refresh/cjs/react-refresh-runtime.development.js:265:17)
    at Set.forEach (<anonymous>)
    at Object.performReactRefresh (webpack-internal:///(app-pages-browser)/./node_modules/next/dist/compiled/react-refresh/cjs/react-refresh-runtime.development.js:254:26)
    at applyUpdate (webpack-internal:///(app-pages-browser)/./node_modules/next/dist/compiled/@next/react-refresh-utils/dist/internal/helpers.js:139:31)
    at statusHandler (webpack-internal:///(app-pages-browser)/./node_modules/next/dist/compiled/@next/react-refresh-utils/dist/internal/helpers.js:156:13)
    at setStatus (http://localhost:3000/_next/static/chunks/webpack.js?v=1790954884867:508:55)
    at http://localhost:3000/_next/static/chunks/webpack.js?v=1790954884867:678:21
[  155104ms] ReferenceError: entered is not defined
    at useLandingChatPlayback (webpack-internal:///(app-pages-browser)/./src/components/landing-hero.tsx:1501:9)
    at HeroPreview (webpack-internal:///(app-pages-browser)/./src/components/landing-hero.tsx:1513:22)
    at renderWithHooks (webpack-internal:///(app-pages-browser)/./node_modules/next/dist/compiled/react-dom/cjs/react-dom.development.js:11121:18)
    at mountIndeterminateComponent (webpack-internal:///(app-pages-browser)/./node_modules/next/dist/compiled/react-dom/cjs/react-dom.development.js:16869:13)
    at beginWork$1 (webpack-internal:///(app-pages-browser)/./node_modules/next/dist/compiled/react-dom/cjs/react-dom.development.js:18458:16)
    at HTMLUnknownElement.callCallback (webpack-internal:///(app-pages-browser)/./node_modules/next/dist/compiled/react-dom/cjs/react-dom.development.js:20565:14)
    at Object.invokeGuardedCallbackImpl (webpack-internal:///(app-pages-browser)/./node_modules/next/dist/compiled/react-dom/cjs/react-dom.development.js:20614:16)
    at invokeGuardedCallback (webpack-internal:///(app-pages-browser)/./node_modules/next/dist/compiled/react-dom/cjs/react-dom.development.js:20689:29)
    at beginWork (webpack-internal:///(app-pages-browser)/./node_modules/next/dist/compiled/react-dom/cjs/react-dom.development.js:26949:7)
    at performUnitOfWork (webpack-internal:///(app-pages-browser)/./node_modules/next/dist/compiled/react-dom/cjs/react-dom.development.js:25748:12)
    at workLoopSync (webpack-internal:///(app-pages-browser)/./node_modules/next/dist/compiled/react-dom/cjs/react-dom.development.js:25464:5)
    at renderRootSync (webpack-internal:///(app-pages-browser)/./node_modules/next/dist/compiled/react-dom/cjs/react-dom.development.js:25419:7)
    at performSyncWorkOnRoot (webpack-internal:///(app-pages-browser)/./node_modules/next/dist/compiled/react-dom/cjs/react-dom.development.js:24887:20)
    at flushSyncWorkAcrossRoots_impl (webpack-internal:///(app-pages-browser)/./node_modules/next/dist/compiled/react-dom/cjs/react-dom.development.js:7758:13)
    at flushSyncWorkOnAllRoots (webpack-internal:///(app-pages-browser)/./node_modules/next/dist/compiled/react-dom/cjs/react-dom.development.js:7718:3)
    at flushSync$1 (webpack-internal:///(app-pages-browser)/./node_modules/next/dist/compiled/react-dom/cjs/react-dom.development.js:24999:7)
    at Object.scheduleRefresh (webpack-internal:///(app-pages-browser)/./node_modules/next/dist/compiled/react-dom/cjs/react-dom.development.js:27285:5)
    at eval (webpack-internal:///(app-pages-browser)/./node_modules/next/dist/compiled/react-refresh/cjs/react-refresh-runtime.development.js:265:17)
    at Set.forEach (<anonymous>)
    at Object.performReactRefresh (webpack-internal:///(app-pages-browser)/./node_modules/next/dist/compiled/react-refresh/cjs/react-refresh-runtime.development.js:254:26)
    at applyUpdate (webpack-internal:///(app-pages-browser)/./node_modules/next/dist/compiled/@next/react-refresh-utils/dist/internal/helpers.js:139:31)
    at statusHandler (webpack-internal:///(app-pages-browser)/./node_modules/next/dist/compiled/@next/react-refresh-utils/dist/internal/helpers.js:156:13)
    at setStatus (http://localhost:3000/_next/static/chunks/webpack.js?v=1790954884867:508:55)
    at http://localhost:3000/_next/static/chunks/webpack.js?v=1790954884867:678:21
[  155104ms] ReferenceError: entered is not defined
    at useLandingChatPlayback (webpack-internal:///(app-pages-browser)/./src/components/landing-hero.tsx:1501:9)
    at HeroPreview (webpack-internal:///(app-pages-browser)/./src/components/landing-hero.tsx:1513:22)
    at renderWithHooks (webpack-internal:///(app-pages-browser)/./node_modules/next/dist/compiled/react-dom/cjs/react-dom.development.js:11121:18)
    at mountIndeterminateComponent (webpack-internal:///(app-pages-browser)/./node_modules/next/dist/compiled/react-dom/cjs/react-dom.development.js:16869:13)
    at beginWork$1 (webpack-internal:///(app-pages-browser)/./node_modules/next/dist/compiled/react-dom/cjs/react-dom.development.js:18458:16)
    at beginWork (webpack-internal:///(app-pages-browser)/./node_modules/next/dist/compiled/react-dom/cjs/react-dom.development.js:26927:14)
    at performUnitOfWork (webpack-internal:///(app-pages-browser)/./node_modules/next/dist/compiled/react-dom/cjs/react-dom.development.js:25748:12)
    at workLoopSync (webpack-internal:///(app-pages-browser)/./node_modules/next/dist/compiled/react-dom/cjs/react-dom.development.js:25464:5)
    at renderRootSync (webpack-internal:///(app-pages-browser)/./node_modules/next/dist/compiled/react-dom/cjs/react-dom.development.js:25419:7)
    at performSyncWorkOnRoot (webpack-internal:///(app-pages-browser)/./node_modules/next/dist/compiled/react-dom/cjs/react-dom.development.js:24887:20)
    at flushSyncWorkAcrossRoots_impl (webpack-internal:///(app-pages-browser)/./node_modules/next/dist/compiled/react-dom/cjs/react-dom.development.js:7758:13)
    at flushSyncWorkOnAllRoots (webpack-internal:///(app-pages-browser)/./node_modules/next/dist/compiled/react-dom/cjs/react-dom.development.js:7718:3)
    at flushSync$1 (webpack-internal:///(app-pages-browser)/./node_modules/next/dist/compiled/react-dom/cjs/react-dom.development.js:24999:7)
    at Object.scheduleRefresh (webpack-internal:///(app-pages-browser)/./node_modules/next/dist/compiled/react-dom/cjs/react-dom.development.js:27285:5)
    at eval (webpack-internal:///(app-pages-browser)/./node_modules/next/dist/compiled/react-refresh/cjs/react-refresh-runtime.development.js:265:17)
    at Set.forEach (<anonymous>)
    at Object.performReactRefresh (webpack-internal:///(app-pages-browser)/./node_modules/next/dist/compiled/react-refresh/cjs/react-refresh-runtime.development.js:254:26)
    at applyUpdate (webpack-internal:///(app-pages-browser)/./node_modules/next/dist/compiled/@next/react-refresh-utils/dist/internal/helpers.js:139:31)
    at statusHandler (webpack-internal:///(app-pages-browser)/./node_modules/next/dist/compiled/@next/react-refresh-utils/dist/internal/helpers.js:156:13)
    at setStatus (http://localhost:3000/_next/static/chunks/webpack.js?v=1790954884867:508:55)
    at http://localhost:3000/_next/static/chunks/webpack.js?v=1790954884867:678:21
[  155104ms] ReferenceError: entered is not defined
    at useLandingChatPlayback (webpack-internal:///(app-pages-browser)/./src/components/landing-hero.tsx:1501:9)
    at HeroPreview (webpack-internal:///(app-pages-browser)/./src/components/landing-hero.tsx:1513:22)
    at renderWithHooks (webpack-internal:///(app-pages-browser)/./node_modules/next/dist/compiled/react-dom/cjs/react-dom.development.js:11121:18)
    at mountIndeterminateComponent (webpack-internal:///(app-pages-browser)/./node_modules/next/dist/compiled/react-dom/cjs/react-dom.development.js:16869:13)
    at beginWork$1 (webpack-internal:///(app-pages-browser)/./node_modules/next/dist/compiled/react-dom/cjs/react-dom.development.js:18458:16)
    at beginWork (webpack-internal:///(app-pages-browser)/./node_modules/next/dist/compiled/react-dom/cjs/react-dom.development.js:26927:14)
    at performUnitOfWork (webpack-internal:///(app-pages-browser)/./node_modules/next/dist/compiled/react-dom/cjs/react-dom.development.js:25748:12)
    at workLoopSync (webpack-internal:///(app-pages-browser)/./node_modules/next/dist/compiled/react-dom/cjs/react-dom.development.js:25464:5)
    at renderRootSync (webpack-internal:///(app-pages-browser)/./node_modules/next/dist/compiled/react-dom/cjs/react-dom.development.js:25419:7)
    at performSyncWorkOnRoot (webpack-internal:///(app-pages-browser)/./node_modules/next/dist/compiled/react-dom/cjs/react-dom.development.js:24887:20)
    at flushSyncWorkAcrossRoots_impl (webpack-internal:///(app-pages-browser)/./node_modules/next/dist/compiled/react-dom/cjs/react-dom.development.js:7758:13)
    at flushSyncWorkOnAllRoots (webpack-internal:///(app-pages-browser)/./node_modules/next/dist/compiled/react-dom/cjs/react-dom.development.js:7718:3)
    at flushSync$1 (webpack-internal:///(app-pages-browser)/./node_modules/next/dist/compiled/react-dom/cjs/react-dom.development.js:24999:7)
    at Object.scheduleRefresh (webpack-internal:///(app-pages-browser)/./node_modules/next/dist/compiled/react-dom/cjs/react-dom.development.js:27285:5)
    at eval (webpack-internal:///(app-pages-browser)/./node_modules/next/dist/compiled/react-refresh/cjs/react-refresh-runtime.development.js:265:17)
    at Set.forEach (<anonymous>)
    at Object.performReactRefresh (webpack-internal:///(app-pages-browser)/./node_modules/next/dist/compiled/react-refresh/cjs/react-refresh-runtime.development.js:254:26)
    at applyUpdate (webpack-internal:///(app-pages-browser)/./node_modules/next/dist/compiled/@next/react-refresh-utils/dist/internal/helpers.js:139:31)
    at statusHandler (webpack-internal:///(app-pages-browser)/./node_modules/next/dist/compiled/@next/react-refresh-utils/dist/internal/helpers.js:156:13)
    at setStatus (http://localhost:3000/_next/static/chunks/webpack.js?v=1790954884867:508:55)
    at http://localhost:3000/_next/static/chunks/webpack.js?v=1790954884867:678:21
[  155105ms] ReferenceError: entered is not defined
    at useLandingChatPlayback (webpack-internal:///(app-pages-browser)/./src/components/landing-hero.tsx:1501:9)
    at HeroPreview (webpack-internal:///(app-pages-browser)/./src/components/landing-hero.tsx:1513:22)
    at renderWithHooks (webpack-internal:///(app-pages-browser)/./node_modules/next/dist/compiled/react-dom/cjs/react-dom.development.js:11121:18)
    at mountIndeterminateComponent (webpack-internal:///(app-pages-browser)/./node_modules/next/dist/compiled/react-dom/cjs/react-dom.development.js:16869:13)
    at beginWork$1 (webpack-internal:///(app-pages-browser)/./node_modules/next/dist/compiled/react-dom/cjs/react-dom.development.js:18458:16)
    at beginWork (webpack-internal:///(app-pages-browser)/./node_modules/next/dist/compiled/react-dom/cjs/react-dom.development.js:26927:14)
    at performUnitOfWork (webpack-internal:///(app-pages-browser)/./node_modules/next/dist/compiled/react-dom/cjs/react-dom.development.js:25748:12)
    at workLoopSync (webpack-internal:///(app-pages-browser)/./node_modules/next/dist/compiled/react-dom/cjs/react-dom.development.js:25464:5)
    at renderRootSync (webpack-internal:///(app-pages-browser)/./node_modules/next/dist/compiled/react-dom/cjs/react-dom.development.js:25419:7)
    at performSyncWorkOnRoot (webpack-internal:///(app-pages-browser)/./node_modules/next/dist/compiled/react-dom/cjs/react-dom.development.js:24887:20)
    at flushSyncWorkAcrossRoots_impl (webpack-internal:///(app-pages-browser)/./node_modules/next/dist/compiled/react-dom/cjs/react-dom.development.js:7758:13)
    at flushSyncWorkOnAllRoots (webpack-internal:///(app-pages-browser)/./node_modules/next/dist/compiled/react-dom/cjs/react-dom.development.js:7718:3)
    at flushSync$1 (webpack-internal:///(app-pages-browser)/./node_modules/next/dist/compiled/react-dom/cjs/react-dom.development.js:24999:7)
    at Object.scheduleRefresh (webpack-internal:///(app-pages-browser)/./node_modules/next/dist/compiled/react-dom/cjs/react-dom.development.js:27285:5)
    at eval (webpack-internal:///(app-pages-browser)/./node_modules/next/dist/compiled/react-refresh/cjs/react-refresh-runtime.development.js:265:17)
    at Set.forEach (<anonymous>)
    at Object.performReactRefresh (webpack-internal:///(app-pages-browser)/./node_modules/next/dist/compiled/react-refresh/cjs/react-refresh-runtime.development.js:254:26)
    at applyUpdate (webpack-internal:///(app-pages-browser)/./node_modules/next/dist/compiled/@next/react-refresh-utils/dist/internal/helpers.js:139:31)
    at statusHandler (webpack-internal:///(app-pages-browser)/./node_modules/next/dist/compiled/@next/react-refresh-utils/dist/internal/helpers.js:156:13)
    at setStatus (http://localhost:3000/_next/static/chunks/webpack.js?v=1790954884867:508:55)
    at http://localhost:3000/_next/static/chunks/webpack.js?v=1790954884867:678:21
[  155125ms] ReferenceError: entered is not defined
    at useLandingChatPlayback (webpack-internal:///(app-pages-browser)/./src/components/landing-hero.tsx:1501:9)
    at HeroPreview (webpack-internal:///(app-pages-browser)/./src/components/landing-hero.tsx:1513:22)
    at renderWithHooks (webpack-internal:///(app-pages-browser)/./node_modules/next/dist/compiled/react-dom/cjs/react-dom.development.js:11121:18)
    at mountIndeterminateComponent (webpack-internal:///(app-pages-browser)/./node_modules/next/dist/compiled/react-dom/cjs/react-dom.development.js:16869:13)
    at beginWork$1 (webpack-internal:///(app-pages-browser)/./node_modules/next/dist/compiled/react-dom/cjs/react-dom.development.js:18458:16)
    at beginWork (webpack-internal:///(app-pages-browser)/./node_modules/next/dist/compiled/react-dom/cjs/react-dom.development.js:26927:14)
    at performUnitOfWork (webpack-internal:///(app-pages-browser)/./node_modules/next/dist/compiled/react-dom/cjs/react-dom.development.js:25748:12)
    at workLoopSync (webpack-internal:///(app-pages-browser)/./node_modules/next/dist/compiled/react-dom/cjs/react-dom.development.js:25464:5)
    at renderRootSync (webpack-internal:///(app-pages-browser)/./node_modules/next/dist/compiled/react-dom/cjs/react-dom.development.js:25419:7)
    at performSyncWorkOnRoot (webpack-internal:///(app-pages-browser)/./node_modules/next/dist/compiled/react-dom/cjs/react-dom.development.js:24887:20)
    at flushSyncWorkAcrossRoots_impl (webpack-internal:///(app-pages-browser)/./node_modules/next/dist/compiled/react-dom/cjs/react-dom.development.js:7758:13)
    at flushSyncWorkOnAllRoots (webpack-internal:///(app-pages-browser)/./node_modules/next/dist/compiled/react-dom/cjs/react-dom.development.js:7718:3)
    at flushSync$1 (webpack-internal:///(app-pages-browser)/./node_modules/next/dist/compiled/react-dom/cjs/react-dom.development.js:24999:7)
    at Object.scheduleRefresh (webpack-internal:///(app-pages-browser)/./node_modules/next/dist/compiled/react-dom/cjs/react-dom.development.js:27285:5)
    at eval (webpack-internal:///(app-pages-browser)/./node_modules/next/dist/compiled/react-refresh/cjs/react-refresh-runtime.development.js:265:17)
    at Set.forEach (<anonymous>)
    at Object.performReactRefresh (webpack-internal:///(app-pages-browser)/./node_modules/next/dist/compiled/react-refresh/cjs/react-refresh-runtime.development.js:254:26)
    at applyUpdate (webpack-internal:///(app-pages-browser)/./node_modules/next/dist/compiled/@next/react-refresh-utils/dist/internal/helpers.js:139:31)
    at statusHandler (webpack-internal:///(app-pages-browser)/./node_modules/next/dist/compiled/@next/react-refresh-utils/dist/internal/helpers.js:156:13)
    at setStatus (http://localhost:3000/_next/static/chunks/webpack.js?v=1790954884867:508:55)
    at http://localhost:3000/_next/static/chunks/webpack.js?v=1790954884867:678:21
[  154716ms] [ERROR] The above error occurred in the <NotFoundErrorBoundary> component:

    at HeroPreview (webpack-internal:///(app-pages-browser)/./src/components/landing-hero.tsx:1513:22)
    at div
    at section
    at div
    at MotionDOMComponent (webpack-internal:///(app-pages-browser)/../../node_modules/framer-motion/dist/es/motion/index.mjs:65:65)
    at LandingHero (webpack-internal:///(app-pages-browser)/./src/components/landing-hero.tsx:162:88)
    at div
    at LandingPage (Server)
    at InnerLayoutRouter (webpack-internal:///(app-pages-browser)/./node_modules/next/dist/client/components/layout-router.js:243:11)
    at RedirectErrorBoundary (webpack-internal:///(app-pages-browser)/./node_modules/next/dist/client/components/redirect-boundary.js:74:9)
    at RedirectBoundary (webpack-internal:///(app-pages-browser)/./node_modules/next/dist/client/components/redirect-boundary.js:82:11)
    at NotFoundErrorBoundary (webpack-internal:///(app-pages-browser)/./node_modules/next/dist/client/components/not-found-boundary.js:76:9)
    at NotFoundBoundary (webpack-internal:///(app-pages-browser)/./node_modules/next/dist/client/components/not-found-boundary.js:84:11)
    at LoadingBoundary (webpack-internal:///(app-pages-browser)/./node_modules/next/dist/client/components/layout-router.js:349:11)
    at ErrorBoundary (webpack-internal:///(app-pages-browser)/./node_modules/next/dist/client/components/error-boundary.js:160:11)
    at InnerScrollAndFocusHandler (webpack-internal:///(app-pages-browser)/./node_modules/next/dist/client/components/layout-router.js:153:9)
    at ScrollAndFocusHandler (webpack-internal:///(app-pages-browser)/./node_modules/next/dist/client/components/layout-router.js:228:11)
    at RenderFromTemplateContext (webpack-internal:///(app-pages-browser)/./node_modules/next/dist/client/components/render-from-template-context.js:16:44)
    at OuterLayoutRouter (webpack-internal:///(app-pages-browser)/./node_modules/next/dist/client/components/layout-router.js:370:11)
    at body
    at html
    at RootLayout (Server)
    at RedirectErrorBoundary (webpack-internal:///(app-pages-browser)/./node_modules/next/dist/client/components/redirect-boundary.js:74:9)
    at RedirectBoundary (webpack-internal:///(app-pages-browser)/./node_modules/next/dist/client/components/redirect-boundary.js:82:11)
    at NotFoundErrorBoundary (webpack-internal:///(app-pages-browser)/./node_modules/next/dist/client/components/not-found-boundary.js:76:9)
    at NotFoundBoundary (webpack-internal:///(app-pages-browser)/./node_modules/next/dist/client/components/not-found-boundary.js:84:11)
    at DevRootNotFoundBoundary (webpack-internal:///(app-pages-browser)/./node_modules/next/dist/client/components/dev-root-not-found-boundary.js:33:11)
    at ReactDevOverlay (webpack-internal:///(app-pages-browser)/./node_modules/next/dist/client/components/react-dev-overlay/app/ReactDevOverlay.js:87:9)
    at HotReload (webpack-internal:///(app-pages-browser)/./node_modules/next/dist/client/components/react-dev-overlay/app/hot-reloader-client.js:321:11)
    at Router (webpack-internal:///(app-pages-browser)/./node_modules/next/dist/client/components/app-router.js:207:11)
    at ErrorBoundaryHandler (webpack-internal:///(app-pages-browser)/./node_modules/next/dist/client/components/error-boundary.js:113:9)
    at ErrorBoundary (webpack-internal:///(app-pages-browser)/./node_modules/next/dist/client/components/error-boundary.js:160:11)
    at AppRouter (webpack-internal:///(app-pages-browser)/./node_modules/next/dist/client/components/app-router.js:585:13)
    at ServerRoot (webpack-internal:///(app-pages-browser)/./node_modules/next/dist/client/app-index.js:112:27)
    at Root (webpack-internal:///(app-pages-browser)/./node_modules/next/dist/client/app-index.js:117:11)

React will try to recreate this component tree from scratch using the error boundary you provided, ReactDevOverlay. @ webpack-internal:///(app-pages-browser)/./node_modules/next/dist/client/app-index.js:32
[  154735ms] [WARNING] [Fast Refresh] performing full reload because your application had an unrecoverable error @ webpack-internal:///(app-pages-browser)/./node_modules/next/dist/client/components/react-dev-overlay/app/hot-reloader-client.js:114
[  156452ms] [ERROR] Failed to load resource: the server responded with a status of 500 (Internal Server Error) @ http://localhost:3000/:0
[  157054ms] [INFO] %cDownload the React DevTools for a better development experience: https://reactjs.org/link/react-devtools font-weight:bold @ webpack-internal:///(app-pages-browser)/./node_modules/next/dist/compiled/react-dom/cjs/react-dom.development.js:38559
[  157304ms] ReferenceError: entered is not defined
    at useLandingChatPlayback (webpack-internal:///(app-pages-browser)/./src/components/landing-hero.tsx:1501:9)
    at HeroPreview (webpack-internal:///(app-pages-browser)/./src/components/landing-hero.tsx:1513:22)
    at renderWithHooks (webpack-internal:///(app-pages-browser)/./node_modules/next/dist/compiled/react-dom/cjs/react-dom.development.js:11121:18)
    at mountIndeterminateComponent (webpack-internal:///(app-pages-browser)/./node_modules/next/dist/compiled/react-dom/cjs/react-dom.development.js:16869:13)
    at beginWork$1 (webpack-internal:///(app-pages-browser)/./node_modules/next/dist/compiled/react-dom/cjs/react-dom.development.js:18458:16)
    at HTMLUnknownElement.callCallback (webpack-internal:///(app-pages-browser)/./node_modules/next/dist/compiled/react-dom/cjs/react-dom.development.js:20565:14)
    at Object.invokeGuardedCallbackImpl (webpack-internal:///(app-pages-browser)/./node_modules/next/dist/compiled/react-dom/cjs/react-dom.development.js:20614:16)
    at invokeGuardedCallback (webpack-internal:///(app-pages-browser)/./node_modules/next/dist/compiled/react-dom/cjs/react-dom.development.js:20689:29)
    at beginWork (webpack-internal:///(app-pages-browser)/./node_modules/next/dist/compiled/react-dom/cjs/react-dom.development.js:26949:7)
    at performUnitOfWork (webpack-internal:///(app-pages-browser)/./node_modules/next/dist/compiled/react-dom/cjs/react-dom.development.js:25748:12)
    at workLoopSync (webpack-internal:///(app-pages-browser)/./node_modules/next/dist/compiled/react-dom/cjs/react-dom.development.js:25464:5)
    at renderRootSync (webpack-internal:///(app-pages-browser)/./node_modules/next/dist/compiled/react-dom/cjs/react-dom.development.js:25419:7)
    at performConcurrentWorkOnRoot (webpack-internal:///(app-pages-browser)/./node_modules/next/dist/compiled/react-dom/cjs/react-dom.development.js:24504:74)
    at workLoop (webpack-internal:///(app-pages-browser)/./node_modules/next/dist/compiled/scheduler/cjs/scheduler.development.js:256:34)
    at flushWork (webpack-internal:///(app-pages-browser)/./node_modules/next/dist/compiled/scheduler/cjs/scheduler.development.js:225:14)
    at MessagePort.performWorkUntilDeadline (webpack-internal:///(app-pages-browser)/./node_modules/next/dist/compiled/scheduler/cjs/scheduler.development.js:534:21)
[  157331ms] ReferenceError: entered is not defined
    at useLandingChatPlayback (webpack-internal:///(app-pages-browser)/./src/components/landing-hero.tsx:1501:9)
    at HeroPreview (webpack-internal:///(app-pages-browser)/./src/components/landing-hero.tsx:1513:22)
    at renderWithHooks (webpack-internal:///(app-pages-browser)/./node_modules/next/dist/compiled/react-dom/cjs/react-dom.development.js:11121:18)
    at mountIndeterminateComponent (webpack-internal:///(app-pages-browser)/./node_modules/next/dist/compiled/react-dom/cjs/react-dom.development.js:16869:13)
    at beginWork$1 (webpack-internal:///(app-pages-browser)/./node_modules/next/dist/compiled/react-dom/cjs/react-dom.development.js:18458:16)
    at beginWork (webpack-internal:///(app-pages-browser)/./node_modules/next/dist/compiled/react-dom/cjs/react-dom.development.js:26927:14)
    at performUnitOfWork (webpack-internal:///(app-pages-browser)/./node_modules/next/dist/compiled/react-dom/cjs/react-dom.development.js:25748:12)
    at workLoopSync (webpack-internal:///(app-pages-browser)/./node_modules/next/dist/compiled/react-dom/cjs/react-dom.development.js:25464:5)
    at renderRootSync (webpack-internal:///(app-pages-browser)/./node_modules/next/dist/compiled/react-dom/cjs/react-dom.development.js:25419:7)
    at performConcurrentWorkOnRoot (webpack-internal:///(app-pages-browser)/./node_modules/next/dist/compiled/react-dom/cjs/react-dom.development.js:24504:74)
    at workLoop (webpack-internal:///(app-pages-browser)/./node_modules/next/dist/compiled/scheduler/cjs/scheduler.development.js:256:34)
    at flushWork (webpack-internal:///(app-pages-browser)/./node_modules/next/dist/compiled/scheduler/cjs/scheduler.development.js:225:14)
    at MessagePort.performWorkUntilDeadline (webpack-internal:///(app-pages-browser)/./node_modules/next/dist/compiled/scheduler/cjs/scheduler.development.js:534:21)
[  157333ms] ReferenceError: entered is not defined
    at useLandingChatPlayback (webpack-internal:///(app-pages-browser)/./src/components/landing-hero.tsx:1501:9)
    at HeroPreview (webpack-internal:///(app-pages-browser)/./src/components/landing-hero.tsx:1513:22)
    at renderWithHooks (webpack-internal:///(app-pages-browser)/./node_modules/next/dist/compiled/react-dom/cjs/react-dom.development.js:11121:18)
    at mountIndeterminateComponent (webpack-internal:///(app-pages-browser)/./node_modules/next/dist/compiled/react-dom/cjs/react-dom.development.js:16869:13)
    at beginWork$1 (webpack-internal:///(app-pages-browser)/./node_modules/next/dist/compiled/react-dom/cjs/react-dom.development.js:18458:16)
    at beginWork (webpack-internal:///(app-pages-browser)/./node_modules/next/dist/compiled/react-dom/cjs/react-dom.development.js:26927:14)
    at performUnitOfWork (webpack-internal:///(app-pages-browser)/./node_modules/next/dist/compiled/react-dom/cjs/react-dom.development.js:25748:12)
    at workLoopSync (webpack-internal:///(app-pages-browser)/./node_modules/next/dist/compiled/react-dom/cjs/react-dom.development.js:25464:5)
    at renderRootSync (webpack-internal:///(app-pages-browser)/./node_modules/next/dist/compiled/react-dom/cjs/react-dom.development.js:25419:7)
    at performConcurrentWorkOnRoot (webpack-internal:///(app-pages-browser)/./node_modules/next/dist/compiled/react-dom/cjs/react-dom.development.js:24504:74)
    at workLoop (webpack-internal:///(app-pages-browser)/./node_modules/next/dist/compiled/scheduler/cjs/scheduler.development.js:256:34)
    at flushWork (webpack-internal:///(app-pages-browser)/./node_modules/next/dist/compiled/scheduler/cjs/scheduler.development.js:225:14)
    at MessagePort.performWorkUntilDeadline (webpack-internal:///(app-pages-browser)/./node_modules/next/dist/compiled/scheduler/cjs/scheduler.development.js:534:21)
[  157333ms] ReferenceError: entered is not defined
    at useLandingChatPlayback (webpack-internal:///(app-pages-browser)/./src/components/landing-hero.tsx:1501:9)
    at HeroPreview (webpack-internal:///(app-pages-browser)/./src/components/landing-hero.tsx:1513:22)
    at renderWithHooks (webpack-internal:///(app-pages-browser)/./node_modules/next/dist/compiled/react-dom/cjs/react-dom.development.js:11121:18)
    at mountIndeterminateComponent (webpack-internal:///(app-pages-browser)/./node_modules/next/dist/compiled/react-dom/cjs/react-dom.development.js:16869:13)
    at beginWork$1 (webpack-internal:///(app-pages-browser)/./node_modules/next/dist/compiled/react-dom/cjs/react-dom.development.js:18458:16)
    at beginWork (webpack-internal:///(app-pages-browser)/./node_modules/next/dist/compiled/react-dom/cjs/react-dom.development.js:26927:14)
    at performUnitOfWork (webpack-internal:///(app-pages-browser)/./node_modules/next/dist/compiled/react-dom/cjs/react-dom.development.js:25748:12)
    at workLoopSync (webpack-internal:///(app-pages-browser)/./node_modules/next/dist/compiled/react-dom/cjs/react-dom.development.js:25464:5)
    at renderRootSync (webpack-internal:///(app-pages-browser)/./node_modules/next/dist/compiled/react-dom/cjs/react-dom.development.js:25419:7)
    at performConcurrentWorkOnRoot (webpack-internal:///(app-pages-browser)/./node_modules/next/dist/compiled/react-dom/cjs/react-dom.development.js:24504:74)
    at workLoop (webpack-internal:///(app-pages-browser)/./node_modules/next/dist/compiled/scheduler/cjs/scheduler.development.js:256:34)
    at flushWork (webpack-internal:///(app-pages-browser)/./node_modules/next/dist/compiled/scheduler/cjs/scheduler.development.js:225:14)
    at MessagePort.performWorkUntilDeadline (webpack-internal:///(app-pages-browser)/./node_modules/next/dist/compiled/scheduler/cjs/scheduler.development.js:534:21)
[  157334ms] ReferenceError: entered is not defined
    at useLandingChatPlayback (webpack-internal:///(app-pages-browser)/./src/components/landing-hero.tsx:1501:9)
    at HeroPreview (webpack-internal:///(app-pages-browser)/./src/components/landing-hero.tsx:1513:22)
    at renderWithHooks (webpack-internal:///(app-pages-browser)/./node_modules/next/dist/compiled/react-dom/cjs/react-dom.development.js:11121:18)
    at mountIndeterminateComponent (webpack-internal:///(app-pages-browser)/./node_modules/next/dist/compiled/react-dom/cjs/react-dom.development.js:16869:13)
    at beginWork$1 (webpack-internal:///(app-pages-browser)/./node_modules/next/dist/compiled/react-dom/cjs/react-dom.development.js:18458:16)
    at beginWork (webpack-internal:///(app-pages-browser)/./node_modules/next/dist/compiled/react-dom/cjs/react-dom.development.js:26927:14)
    at performUnitOfWork (webpack-internal:///(app-pages-browser)/./node_modules/next/dist/compiled/react-dom/cjs/react-dom.development.js:25748:12)
    at workLoopSync (webpack-internal:///(app-pages-browser)/./node_modules/next/dist/compiled/react-dom/cjs/react-dom.development.js:25464:5)
    at renderRootSync (webpack-internal:///(app-pages-browser)/./node_modules/next/dist/compiled/react-dom/cjs/react-dom.development.js:25419:7)
    at performConcurrentWorkOnRoot (webpack-internal:///(app-pages-browser)/./node_modules/next/dist/compiled/react-dom/cjs/react-dom.development.js:24504:74)
    at workLoop (webpack-internal:///(app-pages-browser)/./node_modules/next/dist/compiled/scheduler/cjs/scheduler.development.js:256:34)
    at flushWork (webpack-internal:///(app-pages-browser)/./node_modules/next/dist/compiled/scheduler/cjs/scheduler.development.js:225:14)
    at MessagePort.performWorkUntilDeadline (webpack-internal:///(app-pages-browser)/./node_modules/next/dist/compiled/scheduler/cjs/scheduler.development.js:534:21)
[  157334ms] ReferenceError: entered is not defined
    at useLandingChatPlayback (webpack-internal:///(app-pages-browser)/./src/components/landing-hero.tsx:1501:9)
    at HeroPreview (webpack-internal:///(app-pages-browser)/./src/components/landing-hero.tsx:1513:22)
    at renderWithHooks (webpack-internal:///(app-pages-browser)/./node_modules/next/dist/compiled/react-dom/cjs/react-dom.development.js:11121:18)
    at mountIndeterminateComponent (webpack-internal:///(app-pages-browser)/./node_modules/next/dist/compiled/react-dom/cjs/react-dom.development.js:16869:13)
    at beginWork$1 (webpack-internal:///(app-pages-browser)/./node_modules/next/dist/compiled/react-dom/cjs/react-dom.development.js:18458:16)
    at HTMLUnknownElement.callCallback (webpack-internal:///(app-pages-browser)/./node_modules/next/dist/compiled/react-dom/cjs/react-dom.development.js:20565:14)
    at Object.invokeGuardedCallbackImpl (webpack-internal:///(app-pages-browser)/./node_modules/next/dist/compiled/react-dom/cjs/react-dom.development.js:20614:16)
    at invokeGuardedCallback (webpack-internal:///(app-pages-browser)/./node_modules/next/dist/compiled/react-dom/cjs/react-dom.development.js:20689:29)
    at beginWork (webpack-internal:///(app-pages-browser)/./node_modules/next/dist/compiled/react-dom/cjs/react-dom.development.js:26949:7)
    at performUnitOfWork (webpack-internal:///(app-pages-browser)/./node_modules/next/dist/compiled/react-dom/cjs/react-dom.development.js:25748:12)
    at workLoopSync (webpack-internal:///(app-pages-browser)/./node_modules/next/dist/compiled/react-dom/cjs/react-dom.development.js:25464:5)
    at renderRootSync (webpack-internal:///(app-pages-browser)/./node_modules/next/dist/compiled/react-dom/cjs/react-dom.development.js:25419:7)
    at recoverFromConcurrentError (webpack-internal:///(app-pages-browser)/./node_modules/next/dist/compiled/react-dom/cjs/react-dom.development.js:24597:20)
    at performConcurrentWorkOnRoot (webpack-internal:///(app-pages-browser)/./node_modules/next/dist/compiled/react-dom/cjs/react-dom.development.js:24542:26)
    at workLoop (webpack-internal:///(app-pages-browser)/./node_modules/next/dist/compiled/scheduler/cjs/scheduler.development.js:256:34)
    at flushWork (webpack-internal:///(app-pages-browser)/./node_modules/next/dist/compiled/scheduler/cjs/scheduler.development.js:225:14)
    at MessagePort.performWorkUntilDeadline (webpack-internal:///(app-pages-browser)/./node_modules/next/dist/compiled/scheduler/cjs/scheduler.development.js:534:21)
[  157334ms] ReferenceError: entered is not defined
    at useLandingChatPlayback (webpack-internal:///(app-pages-browser)/./src/components/landing-hero.tsx:1501:9)
    at HeroPreview (webpack-internal:///(app-pages-browser)/./src/components/landing-hero.tsx:1513:22)
    at renderWithHooks (webpack-internal:///(app-pages-browser)/./node_modules/next/dist/compiled/react-dom/cjs/react-dom.development.js:11121:18)
    at mountIndeterminateComponent (webpack-internal:///(app-pages-browser)/./node_modules/next/dist/compiled/react-dom/cjs/react-dom.development.js:16869:13)
    at beginWork$1 (webpack-internal:///(app-pages-browser)/./node_modules/next/dist/compiled/react-dom/cjs/react-dom.development.js:18458:16)
    at beginWork (webpack-internal:///(app-pages-browser)/./node_modules/next/dist/compiled/react-dom/cjs/react-dom.development.js:26927:14)
    at performUnitOfWork (webpack-internal:///(app-pages-browser)/./node_modules/next/dist/compiled/react-dom/cjs/react-dom.development.js:25748:12)
    at workLoopSync (webpack-internal:///(app-pages-browser)/./node_modules/next/dist/compiled/react-dom/cjs/react-dom.development.js:25464:5)
    at renderRootSync (webpack-internal:///(app-pages-browser)/./node_modules/next/dist/compiled/react-dom/cjs/react-dom.development.js:25419:7)
    at recoverFromConcurrentError (webpack-internal:///(app-pages-browser)/./node_modules/next/dist/compiled/react-dom/cjs/react-dom.development.js:24597:20)
    at performConcurrentWorkOnRoot (webpack-internal:///(app-pages-browser)/./node_modules/next/dist/compiled/react-dom/cjs/react-dom.development.js:24542:26)
    at workLoop (webpack-internal:///(app-pages-browser)/./node_modules/next/dist/compiled/scheduler/cjs/scheduler.development.js:256:34)
    at flushWork (webpack-internal:///(app-pages-browser)/./node_modules/next/dist/compiled/scheduler/cjs/scheduler.development.js:225:14)
    at MessagePort.performWorkUntilDeadline (webpack-internal:///(app-pages-browser)/./node_modules/next/dist/compiled/scheduler/cjs/scheduler.development.js:534:21)
[  157334ms] ReferenceError: entered is not defined
    at useLandingChatPlayback (webpack-internal:///(app-pages-browser)/./src/components/landing-hero.tsx:1501:9)
    at HeroPreview (webpack-internal:///(app-pages-browser)/./src/components/landing-hero.tsx:1513:22)
    at renderWithHooks (webpack-internal:///(app-pages-browser)/./node_modules/next/dist/compiled/react-dom/cjs/react-dom.development.js:11121:18)
    at mountIndeterminateComponent (webpack-internal:///(app-pages-browser)/./node_modules/next/dist/compiled/react-dom/cjs/react-dom.development.js:16869:13)
    at beginWork$1 (webpack-internal:///(app-pages-browser)/./node_modules/next/dist/compiled/react-dom/cjs/react-dom.development.js:18458:16)
    at beginWork (webpack-internal:///(app-pages-browser)/./node_modules/next/dist/compiled/react-dom/cjs/react-dom.development.js:26927:14)
    at performUnitOfWork (webpack-internal:///(app-pages-browser)/./node_modules/next/dist/compiled/react-dom/cjs/react-dom.development.js:25748:12)
    at workLoopSync (webpack-internal:///(app-pages-browser)/./node_modules/next/dist/compiled/react-dom/cjs/react-dom.development.js:25464:5)
    at renderRootSync (webpack-internal:///(app-pages-browser)/./node_modules/next/dist/compiled/react-dom/cjs/react-dom.development.js:25419:7)
    at recoverFromConcurrentError (webpack-internal:///(app-pages-browser)/./node_modules/next/dist/compiled/react-dom/cjs/react-dom.development.js:24597:20)
    at performConcurrentWorkOnRoot (webpack-internal:///(app-pages-browser)/./node_modules/next/dist/compiled/react-dom/cjs/react-dom.development.js:24542:26)
    at workLoop (webpack-internal:///(app-pages-browser)/./node_modules/next/dist/compiled/scheduler/cjs/scheduler.development.js:256:34)
    at flushWork (webpack-internal:///(app-pages-browser)/./node_modules/next/dist/compiled/scheduler/cjs/scheduler.development.js:225:14)
    at MessagePort.performWorkUntilDeadline (webpack-internal:///(app-pages-browser)/./node_modules/next/dist/compiled/scheduler/cjs/scheduler.development.js:534:21)
[  157334ms] ReferenceError: entered is not defined
    at useLandingChatPlayback (webpack-internal:///(app-pages-browser)/./src/components/landing-hero.tsx:1501:9)
    at HeroPreview (webpack-internal:///(app-pages-browser)/./src/components/landing-hero.tsx:1513:22)
    at renderWithHooks (webpack-internal:///(app-pages-browser)/./node_modules/next/dist/compiled/react-dom/cjs/react-dom.development.js:11121:18)
    at mountIndeterminateComponent (webpack-internal:///(app-pages-browser)/./node_modules/next/dist/compiled/react-dom/cjs/react-dom.development.js:16869:13)
    at beginWork$1 (webpack-internal:///(app-pages-browser)/./node_modules/next/dist/compiled/react-dom/cjs/react-dom.development.js:18458:16)
    at beginWork (webpack-internal:///(app-pages-browser)/./node_modules/next/dist/compiled/react-dom/cjs/react-dom.development.js:26927:14)
    at performUnitOfWork (webpack-internal:///(app-pages-browser)/./node_modules/next/dist/compiled/react-dom/cjs/react-dom.development.js:25748:12)
    at workLoopSync (webpack-internal:///(app-pages-browser)/./node_modules/next/dist/compiled/react-dom/cjs/react-dom.development.js:25464:5)
    at renderRootSync (webpack-internal:///(app-pages-browser)/./node_modules/next/dist/compiled/react-dom/cjs/react-dom.development.js:25419:7)
    at recoverFromConcurrentError (webpack-internal:///(app-pages-browser)/./node_modules/next/dist/compiled/react-dom/cjs/react-dom.development.js:24597:20)
    at performConcurrentWorkOnRoot (webpack-internal:///(app-pages-browser)/./node_modules/next/dist/compiled/react-dom/cjs/react-dom.development.js:24542:26)
    at workLoop (webpack-internal:///(app-pages-browser)/./node_modules/next/dist/compiled/scheduler/cjs/scheduler.development.js:256:34)
    at flushWork (webpack-internal:///(app-pages-browser)/./node_modules/next/dist/compiled/scheduler/cjs/scheduler.development.js:225:14)
    at MessagePort.performWorkUntilDeadline (webpack-internal:///(app-pages-browser)/./node_modules/next/dist/compiled/scheduler/cjs/scheduler.development.js:534:21)
[  157334ms] ReferenceError: entered is not defined
    at useLandingChatPlayback (webpack-internal:///(app-pages-browser)/./src/components/landing-hero.tsx:1501:9)
    at HeroPreview (webpack-internal:///(app-pages-browser)/./src/components/landing-hero.tsx:1513:22)
    at renderWithHooks (webpack-internal:///(app-pages-browser)/./node_modules/next/dist/compiled/react-dom/cjs/react-dom.development.js:11121:18)
    at mountIndeterminateComponent (webpack-internal:///(app-pages-browser)/./node_modules/next/dist/compiled/react-dom/cjs/react-dom.development.js:16869:13)
    at beginWork$1 (webpack-internal:///(app-pages-browser)/./node_modules/next/dist/compiled/react-dom/cjs/react-dom.development.js:18458:16)
    at beginWork (webpack-internal:///(app-pages-browser)/./node_modules/next/dist/compiled/react-dom/cjs/react-dom.development.js:26927:14)
    at performUnitOfWork (webpack-internal:///(app-pages-browser)/./node_modules/next/dist/compiled/react-dom/cjs/react-dom.development.js:25748:12)
    at workLoopSync (webpack-internal:///(app-pages-browser)/./node_modules/next/dist/compiled/react-dom/cjs/react-dom.development.js:25464:5)
    at renderRootSync (webpack-internal:///(app-pages-browser)/./node_modules/next/dist/compiled/react-dom/cjs/react-dom.development.js:25419:7)
    at recoverFromConcurrentError (webpack-internal:///(app-pages-browser)/./node_modules/next/dist/compiled/react-dom/cjs/react-dom.development.js:24597:20)
    at performConcurrentWorkOnRoot (webpack-internal:///(app-pages-browser)/./node_modules/next/dist/compiled/react-dom/cjs/react-dom.development.js:24542:26)
    at workLoop (webpack-internal:///(app-pages-browser)/./node_modules/next/dist/compiled/scheduler/cjs/scheduler.development.js:256:34)
    at flushWork (webpack-internal:///(app-pages-browser)/./node_modules/next/dist/compiled/scheduler/cjs/scheduler.development.js:225:14)
    at MessagePort.performWorkUntilDeadline (webpack-internal:///(app-pages-browser)/./node_modules/next/dist/compiled/scheduler/cjs/scheduler.development.js:534:21)
[  157325ms] [ERROR] The above error occurred in the <NotFoundErrorBoundary> component:

    at HeroPreview (webpack-internal:///(app-pages-browser)/./src/components/landing-hero.tsx:1513:22)
    at div
    at section
    at div
    at MotionDOMComponent (webpack-internal:///(app-pages-browser)/../../node_modules/framer-motion/dist/es/motion/index.mjs:65:65)
    at LandingHero (webpack-internal:///(app-pages-browser)/./src/components/landing-hero.tsx:162:88)
    at div
    at LandingPage (Server)
    at InnerLayoutRouter (webpack-internal:///(app-pages-browser)/./node_modules/next/dist/client/components/layout-router.js:243:11)
    at RedirectErrorBoundary (webpack-internal:///(app-pages-browser)/./node_modules/next/dist/client/components/redirect-boundary.js:74:9)
    at RedirectBoundary (webpack-internal:///(app-pages-browser)/./node_modules/next/dist/client/components/redirect-boundary.js:82:11)
    at NotFoundErrorBoundary (webpack-internal:///(app-pages-browser)/./node_modules/next/dist/client/components/not-found-boundary.js:76:9)
    at NotFoundBoundary (webpack-internal:///(app-pages-browser)/./node_modules/next/dist/client/components/not-found-boundary.js:84:11)
    at LoadingBoundary (webpack-internal:///(app-pages-browser)/./node_modules/next/dist/client/components/layout-router.js:349:11)
    at ErrorBoundary (webpack-internal:///(app-pages-browser)/./node_modules/next/dist/client/components/error-boundary.js:160:11)
    at InnerScrollAndFocusHandler (webpack-internal:///(app-pages-browser)/./node_modules/next/dist/client/components/layout-router.js:153:9)
    at ScrollAndFocusHandler (webpack-internal:///(app-pages-browser)/./node_modules/next/dist/client/components/layout-router.js:228:11)
    at RenderFromTemplateContext (webpack-internal:///(app-pages-browser)/./node_modules/next/dist/client/components/render-from-template-context.js:16:44)
    at OuterLayoutRouter (webpack-internal:///(app-pages-browser)/./node_modules/next/dist/client/components/layout-router.js:370:11)
    at body
    at html
    at RootLayout (Server)
    at RedirectErrorBoundary (webpack-internal:///(app-pages-browser)/./node_modules/next/dist/client/components/redirect-boundary.js:74:9)
    at RedirectBoundary (webpack-internal:///(app-pages-browser)/./node_modules/next/dist/client/components/redirect-boundary.js:82:11)
    at NotFoundErrorBoundary (webpack-internal:///(app-pages-browser)/./node_modules/next/dist/client/components/not-found-boundary.js:76:9)
    at NotFoundBoundary (webpack-internal:///(app-pages-browser)/./node_modules/next/dist/client/components/not-found-boundary.js:84:11)
    at DevRootNotFoundBoundary (webpack-internal:///(app-pages-browser)/./node_modules/next/dist/client/components/dev-root-not-found-boundary.js:33:11)
    at ReactDevOverlay (webpack-internal:///(app-pages-browser)/./node_modules/next/dist/client/components/react-dev-overlay/app/ReactDevOverlay.js:87:9)
    at HotReload (webpack-internal:///(app-pages-browser)/./node_modules/next/dist/client/components/react-dev-overlay/app/hot-reloader-client.js:321:11)
    at Router (webpack-internal:///(app-pages-browser)/./node_modules/next/dist/client/components/app-router.js:207:11)
    at ErrorBoundaryHandler (webpack-internal:///(app-pages-browser)/./node_modules/next/dist/client/components/error-boundary.js:113:9)
    at ErrorBoundary (webpack-internal:///(app-pages-browser)/./node_modules/next/dist/client/components/error-boundary.js:160:11)
    at AppRouter (webpack-internal:///(app-pages-browser)/./node_modules/next/dist/client/components/app-router.js:585:13)
    at ServerRoot (webpack-internal:///(app-pages-browser)/./node_modules/next/dist/client/app-index.js:112:27)
    at Root (webpack-internal:///(app-pages-browser)/./node_modules/next/dist/client/app-index.js:117:11)
    at ReactDevOverlay (webpack-internal:///(app-pages-browser)/./node_modules/next/dist/client/components/react-dev-overlay/app/ReactDevOverlay.js:87:9)

React will try to recreate this component tree from scratch using the error boundary you provided, ReactDevOverlay. @ webpack-internal:///(app-pages-browser)/./node_modules/next/dist/client/app-index.js:32
[  159472ms] [LOG] [Fast Refresh] rebuilding @ webpack-internal:///(app-pages-browser)/./node_modules/next/dist/client/components/react-dev-overlay/app/hot-reloader-client.js:186
[  160837ms] [WARNING] [Fast Refresh] performing full reload because your application had an unrecoverable error @ webpack-internal:///(app-pages-browser)/./node_modules/next/dist/client/components/react-dev-overlay/app/hot-reloader-client.js:114
[  161388ms] [LOG] [Fast Refresh] rebuilding @ webpack-internal:///(app-pages-browser)/./node_modules/next/dist/client/components/react-dev-overlay/app/hot-reloader-client.js:186
[  161437ms] [ERROR] Failed to load resource: the server responded with a status of 500 (Internal Server Error) @ http://localhost:3000/:0
[  161807ms] [INFO] %cDownload the React DevTools for a better development experience: https://reactjs.org/link/react-devtools font-weight:bold @ webpack-internal:///(app-pages-browser)/./node_modules/next/dist/compiled/react-dom/cjs/react-dom.development.js:38559
[  162546ms] Invalid or unexpected token
[  162549ms] ChunkLoadError: Loading chunk app/page failed.
(missing: http://localhost:3000/_next/static/chunks/app/page.js)
    at __webpack_require__.f.j (http://localhost:3000/_next/static/chunks/webpack.js:852:29)
    at http://localhost:3000/_next/static/chunks/webpack.js:155:40
    at Array.reduce (<anonymous>)
    at __webpack_require__.e (http://localhost:3000/_next/static/chunks/webpack.js:154:67)
    at fn.e (http://localhost:3000/_next/static/chunks/webpack.js:391:50)
    at loadChunk (webpack-internal:///(app-pages-browser)/./node_modules/next/dist/compiled/react-server-dom-webpack/cjs/react-server-dom-webpack-client.browser.development.js:251:30)
    at preloadModule (webpack-internal:///(app-pages-browser)/./node_modules/next/dist/compiled/react-server-dom-webpack/cjs/react-server-dom-webpack-client.browser.development.js:173:22)
    at resolveModule (webpack-internal:///(app-pages-browser)/./node_modules/next/dist/compiled/react-server-dom-webpack/cjs/react-server-dom-webpack-client.browser.development.js:1819:17)
    at processFullRow (webpack-internal:///(app-pages-browser)/./node_modules/next/dist/compiled/react-server-dom-webpack/cjs/react-server-dom-webpack-client.browser.development.js:1908:9)
    at processBinaryChunk (webpack-internal:///(app-pages-browser)/./node_modules/next/dist/compiled/react-server-dom-webpack/cjs/react-server-dom-webpack-client.browser.development.js:2078:7)
[  162555ms] ChunkLoadError: Loading chunk app/page failed.
(missing: http://localhost:3000/_next/static/chunks/app/page.js)
    at __webpack_require__.f.j (http://localhost:3000/_next/static/chunks/webpack.js:852:29)
    at http://localhost:3000/_next/static/chunks/webpack.js:155:40
    at Array.reduce (<anonymous>)
    at __webpack_require__.e (http://localhost:3000/_next/static/chunks/webpack.js:154:67)
    at fn.e (http://localhost:3000/_next/static/chunks/webpack.js:391:50)
    at loadChunk (webpack-internal:///(app-pages-browser)/./node_modules/next/dist/compiled/react-server-dom-webpack/cjs/react-server-dom-webpack-client.browser.development.js:251:30)
    at preloadModule (webpack-internal:///(app-pages-browser)/./node_modules/next/dist/compiled/react-server-dom-webpack/cjs/react-server-dom-webpack-client.browser.development.js:173:22)
    at resolveModule (webpack-internal:///(app-pages-browser)/./node_modules/next/dist/compiled/react-server-dom-webpack/cjs/react-server-dom-webpack-client.browser.development.js:1819:17)
    at processFullRow (webpack-internal:///(app-pages-browser)/./node_modules/next/dist/compiled/react-server-dom-webpack/cjs/react-server-dom-webpack-client.browser.development.js:1908:9)
    at processBinaryChunk (webpack-internal:///(app-pages-browser)/./node_modules/next/dist/compiled/react-server-dom-webpack/cjs/react-server-dom-webpack-client.browser.development.js:2078:7)
[  162558ms] ChunkLoadError: Loading chunk app/page failed.
(missing: http://localhost:3000/_next/static/chunks/app/page.js)
    at __webpack_require__.f.j (http://localhost:3000/_next/static/chunks/webpack.js:852:29)
    at http://localhost:3000/_next/static/chunks/webpack.js:155:40
    at Array.reduce (<anonymous>)
    at __webpack_require__.e (http://localhost:3000/_next/static/chunks/webpack.js:154:67)
    at fn.e (http://localhost:3000/_next/static/chunks/webpack.js:391:50)
    at loadChunk (webpack-internal:///(app-pages-browser)/./node_modules/next/dist/compiled/react-server-dom-webpack/cjs/react-server-dom-webpack-client.browser.development.js:251:30)
    at preloadModule (webpack-internal:///(app-pages-browser)/./node_modules/next/dist/compiled/react-server-dom-webpack/cjs/react-server-dom-webpack-client.browser.development.js:173:22)
    at resolveModule (webpack-internal:///(app-pages-browser)/./node_modules/next/dist/compiled/react-server-dom-webpack/cjs/react-server-dom-webpack-client.browser.development.js:1819:17)
    at processFullRow (webpack-internal:///(app-pages-browser)/./node_modules/next/dist/compiled/react-server-dom-webpack/cjs/react-server-dom-webpack-client.browser.development.js:1908:9)
    at processBinaryChunk (webpack-internal:///(app-pages-browser)/./node_modules/next/dist/compiled/react-server-dom-webpack/cjs/react-server-dom-webpack-client.browser.development.js:2078:7)
[  162558ms] ChunkLoadError: Loading chunk app/page failed.
(missing: http://localhost:3000/_next/static/chunks/app/page.js)
    at __webpack_require__.f.j (http://localhost:3000/_next/static/chunks/webpack.js:852:29)
    at http://localhost:3000/_next/static/chunks/webpack.js:155:40
    at Array.reduce (<anonymous>)
    at __webpack_require__.e (http://localhost:3000/_next/static/chunks/webpack.js:154:67)
    at fn.e (http://localhost:3000/_next/static/chunks/webpack.js:391:50)
    at loadChunk (webpack-internal:///(app-pages-browser)/./node_modules/next/dist/compiled/react-server-dom-webpack/cjs/react-server-dom-webpack-client.browser.development.js:251:30)
    at preloadModule (webpack-internal:///(app-pages-browser)/./node_modules/next/dist/compiled/react-server-dom-webpack/cjs/react-server-dom-webpack-client.browser.development.js:173:22)
    at resolveModule (webpack-internal:///(app-pages-browser)/./node_modules/next/dist/compiled/react-server-dom-webpack/cjs/react-server-dom-webpack-client.browser.development.js:1819:17)
    at processFullRow (webpack-internal:///(app-pages-browser)/./node_modules/next/dist/compiled/react-server-dom-webpack/cjs/react-server-dom-webpack-client.browser.development.js:1908:9)
    at processBinaryChunk (webpack-internal:///(app-pages-browser)/./node_modules/next/dist/compiled/react-server-dom-webpack/cjs/react-server-dom-webpack-client.browser.development.js:2078:7)
[  162558ms] ChunkLoadError: Loading chunk app/page failed.
(missing: http://localhost:3000/_next/static/chunks/app/page.js)
    at __webpack_require__.f.j (http://localhost:3000/_next/static/chunks/webpack.js:852:29)
    at http://localhost:3000/_next/static/chunks/webpack.js:155:40
    at Array.reduce (<anonymous>)
    at __webpack_require__.e (http://localhost:3000/_next/static/chunks/webpack.js:154:67)
    at fn.e (http://localhost:3000/_next/static/chunks/webpack.js:391:50)
    at loadChunk (webpack-internal:///(app-pages-browser)/./node_modules/next/dist/compiled/react-server-dom-webpack/cjs/react-server-dom-webpack-client.browser.development.js:251:30)
    at preloadModule (webpack-internal:///(app-pages-browser)/./node_modules/next/dist/compiled/react-server-dom-webpack/cjs/react-server-dom-webpack-client.browser.development.js:173:22)
    at resolveModule (webpack-internal:///(app-pages-browser)/./node_modules/next/dist/compiled/react-server-dom-webpack/cjs/react-server-dom-webpack-client.browser.development.js:1819:17)
    at processFullRow (webpack-internal:///(app-pages-browser)/./node_modules/next/dist/compiled/react-server-dom-webpack/cjs/react-server-dom-webpack-client.browser.development.js:1908:9)
    at processBinaryChunk (webpack-internal:///(app-pages-browser)/./node_modules/next/dist/compiled/react-server-dom-webpack/cjs/react-server-dom-webpack-client.browser.development.js:2078:7)
[  162561ms] ChunkLoadError: Loading chunk app/page failed.
(missing: http://localhost:3000/_next/static/chunks/app/page.js)
    at __webpack_require__.f.j (http://localhost:3000/_next/static/chunks/webpack.js:852:29)
    at http://localhost:3000/_next/static/chunks/webpack.js:155:40
    at Array.reduce (<anonymous>)
    at __webpack_require__.e (http://localhost:3000/_next/static/chunks/webpack.js:154:67)
    at fn.e (http://localhost:3000/_next/static/chunks/webpack.js:391:50)
    at loadChunk (webpack-internal:///(app-pages-browser)/./node_modules/next/dist/compiled/react-server-dom-webpack/cjs/react-server-dom-webpack-client.browser.development.js:251:30)
    at preloadModule (webpack-internal:///(app-pages-browser)/./node_modules/next/dist/compiled/react-server-dom-webpack/cjs/react-server-dom-webpack-client.browser.development.js:173:22)
    at resolveModule (webpack-internal:///(app-pages-browser)/./node_modules/next/dist/compiled/react-server-dom-webpack/cjs/react-server-dom-webpack-client.browser.development.js:1819:17)
    at processFullRow (webpack-internal:///(app-pages-browser)/./node_modules/next/dist/compiled/react-server-dom-webpack/cjs/react-server-dom-webpack-client.browser.development.js:1908:9)
    at processBinaryChunk (webpack-internal:///(app-pages-browser)/./node_modules/next/dist/compiled/react-server-dom-webpack/cjs/react-server-dom-webpack-client.browser.development.js:2078:7)
[  162562ms] ChunkLoadError: Loading chunk app/page failed.
(missing: http://localhost:3000/_next/static/chunks/app/page.js)
    at __webpack_require__.f.j (http://localhost:3000/_next/static/chunks/webpack.js:852:29)
    at http://localhost:3000/_next/static/chunks/webpack.js:155:40
    at Array.reduce (<anonymous>)
    at __webpack_require__.e (http://localhost:3000/_next/static/chunks/webpack.js:154:67)
    at fn.e (http://localhost:3000/_next/static/chunks/webpack.js:391:50)
    at loadChunk (webpack-internal:///(app-pages-browser)/./node_modules/next/dist/compiled/react-server-dom-webpack/cjs/react-server-dom-webpack-client.browser.development.js:251:30)
    at preloadModule (webpack-internal:///(app-pages-browser)/./node_modules/next/dist/compiled/react-server-dom-webpack/cjs/react-server-dom-webpack-client.browser.development.js:173:22)
    at resolveModule (webpack-internal:///(app-pages-browser)/./node_modules/next/dist/compiled/react-server-dom-webpack/cjs/react-server-dom-webpack-client.browser.development.js:1819:17)
    at processFullRow (webpack-internal:///(app-pages-browser)/./node_modules/next/dist/compiled/react-server-dom-webpack/cjs/react-server-dom-webpack-client.browser.development.js:1908:9)
    at processBinaryChunk (webpack-internal:///(app-pages-browser)/./node_modules/next/dist/compiled/react-server-dom-webpack/cjs/react-server-dom-webpack-client.browser.development.js:2078:7)
[  162563ms] ChunkLoadError: Loading chunk app/page failed.
(missing: http://localhost:3000/_next/static/chunks/app/page.js)
    at __webpack_require__.f.j (http://localhost:3000/_next/static/chunks/webpack.js:852:29)
    at http://localhost:3000/_next/static/chunks/webpack.js:155:40
    at Array.reduce (<anonymous>)
    at __webpack_require__.e (http://localhost:3000/_next/static/chunks/webpack.js:154:67)
    at fn.e (http://localhost:3000/_next/static/chunks/webpack.js:391:50)
    at loadChunk (webpack-internal:///(app-pages-browser)/./node_modules/next/dist/compiled/react-server-dom-webpack/cjs/react-server-dom-webpack-client.browser.development.js:251:30)
    at preloadModule (webpack-internal:///(app-pages-browser)/./node_modules/next/dist/compiled/react-server-dom-webpack/cjs/react-server-dom-webpack-client.browser.development.js:173:22)
    at resolveModule (webpack-internal:///(app-pages-browser)/./node_modules/next/dist/compiled/react-server-dom-webpack/cjs/react-server-dom-webpack-client.browser.development.js:1819:17)
    at processFullRow (webpack-internal:///(app-pages-browser)/./node_modules/next/dist/compiled/react-server-dom-webpack/cjs/react-server-dom-webpack-client.browser.development.js:1908:9)
    at processBinaryChunk (webpack-internal:///(app-pages-browser)/./node_modules/next/dist/compiled/react-server-dom-webpack/cjs/react-server-dom-webpack-client.browser.development.js:2078:7)
[  162564ms] ChunkLoadError: Loading chunk app/page failed.
(missing: http://localhost:3000/_next/static/chunks/app/page.js)
    at __webpack_require__.f.j (http://localhost:3000/_next/static/chunks/webpack.js:852:29)
    at http://localhost:3000/_next/static/chunks/webpack.js:155:40
    at Array.reduce (<anonymous>)
    at __webpack_require__.e (http://localhost:3000/_next/static/chunks/webpack.js:154:67)
    at fn.e (http://localhost:3000/_next/static/chunks/webpack.js:391:50)
    at loadChunk (webpack-internal:///(app-pages-browser)/./node_modules/next/dist/compiled/react-server-dom-webpack/cjs/react-server-dom-webpack-client.browser.development.js:251:30)
    at preloadModule (webpack-internal:///(app-pages-browser)/./node_modules/next/dist/compiled/react-server-dom-webpack/cjs/react-server-dom-webpack-client.browser.development.js:173:22)
    at resolveModule (webpack-internal:///(app-pages-browser)/./node_modules/next/dist/compiled/react-server-dom-webpack/cjs/react-server-dom-webpack-client.browser.development.js:1819:17)
    at processFullRow (webpack-internal:///(app-pages-browser)/./node_modules/next/dist/compiled/react-server-dom-webpack/cjs/react-server-dom-webpack-client.browser.development.js:1908:9)
    at processBinaryChunk (webpack-internal:///(app-pages-browser)/./node_modules/next/dist/compiled/react-server-dom-webpack/cjs/react-server-dom-webpack-client.browser.development.js:2078:7)
[  162564ms] ChunkLoadError: Loading chunk app/page failed.
(missing: http://localhost:3000/_next/static/chunks/app/page.js)
    at __webpack_require__.f.j (http://localhost:3000/_next/static/chunks/webpack.js:852:29)
    at http://localhost:3000/_next/static/chunks/webpack.js:155:40
    at Array.reduce (<anonymous>)
    at __webpack_require__.e (http://localhost:3000/_next/static/chunks/webpack.js:154:67)
    at fn.e (http://localhost:3000/_next/static/chunks/webpack.js:391:50)
    at loadChunk (webpack-internal:///(app-pages-browser)/./node_modules/next/dist/compiled/react-server-dom-webpack/cjs/react-server-dom-webpack-client.browser.development.js:251:30)
    at preloadModule (webpack-internal:///(app-pages-browser)/./node_modules/next/dist/compiled/react-server-dom-webpack/cjs/react-server-dom-webpack-client.browser.development.js:173:22)
    at resolveModule (webpack-internal:///(app-pages-browser)/./node_modules/next/dist/compiled/react-server-dom-webpack/cjs/react-server-dom-webpack-client.browser.development.js:1819:17)
    at processFullRow (webpack-internal:///(app-pages-browser)/./node_modules/next/dist/compiled/react-server-dom-webpack/cjs/react-server-dom-webpack-client.browser.development.js:1908:9)
    at processBinaryChunk (webpack-internal:///(app-pages-browser)/./node_modules/next/dist/compiled/react-server-dom-webpack/cjs/react-server-dom-webpack-client.browser.development.js:2078:7)
[  162564ms] [ERROR] The above error occurred in the <NotFoundErrorBoundary> component:

    at Lazy
    at header
    at SiteHeader (Server)
    at div
    at LandingPage (Server)
    at InnerLayoutRouter (webpack-internal:///(app-pages-browser)/./node_modules/next/dist/client/components/layout-router.js:243:11)
    at RedirectErrorBoundary (webpack-internal:///(app-pages-browser)/./node_modules/next/dist/client/components/redirect-boundary.js:74:9)
    at RedirectBoundary (webpack-internal:///(app-pages-browser)/./node_modules/next/dist/client/components/redirect-boundary.js:82:11)
    at NotFoundErrorBoundary (webpack-internal:///(app-pages-browser)/./node_modules/next/dist/client/components/not-found-boundary.js:76:9)
    at NotFoundBoundary (webpack-internal:///(app-pages-browser)/./node_modules/next/dist/client/components/not-found-boundary.js:84:11)
    at LoadingBoundary (webpack-internal:///(app-pages-browser)/./node_modules/next/dist/client/components/layout-router.js:349:11)
    at ErrorBoundary (webpack-internal:///(app-pages-browser)/./node_modules/next/dist/client/components/error-boundary.js:160:11)
    at InnerScrollAndFocusHandler (webpack-internal:///(app-pages-browser)/./node_modules/next/dist/client/components/layout-router.js:153:9)
    at ScrollAndFocusHandler (webpack-internal:///(app-pages-browser)/./node_modules/next/dist/client/components/layout-router.js:228:11)
    at RenderFromTemplateContext (webpack-internal:///(app-pages-browser)/./node_modules/next/dist/client/components/render-from-template-context.js:16:44)
    at OuterLayoutRouter (webpack-internal:///(app-pages-browser)/./node_modules/next/dist/client/components/layout-router.js:370:11)
    at body
    at html
    at RootLayout (Server)
    at RedirectErrorBoundary (webpack-internal:///(app-pages-browser)/./node_modules/next/dist/client/components/redirect-boundary.js:74:9)
    at RedirectBoundary (webpack-internal:///(app-pages-browser)/./node_modules/next/dist/client/components/redirect-boundary.js:82:11)
    at NotFoundErrorBoundary (webpack-internal:///(app-pages-browser)/./node_modules/next/dist/client/components/not-found-boundary.js:76:9)
    at NotFoundBoundary (webpack-internal:///(app-pages-browser)/./node_modules/next/dist/client/components/not-found-boundary.js:84:11)
    at DevRootNotFoundBoundary (webpack-internal:///(app-pages-browser)/./node_modules/next/dist/client/components/dev-root-not-found-boundary.js:33:11)
    at ReactDevOverlay (webpack-internal:///(app-pages-browser)/./node_modules/next/dist/client/components/react-dev-overlay/app/ReactDevOverlay.js:87:9)
    at HotReload (webpack-internal:///(app-pages-browser)/./node_modules/next/dist/client/components/react-dev-overlay/app/hot-reloader-client.js:321:11)
    at Router (webpack-internal:///(app-pages-browser)/./node_modules/next/dist/client/components/app-router.js:207:11)
    at ErrorBoundaryHandler (webpack-internal:///(app-pages-browser)/./node_modules/next/dist/client/components/error-boundary.js:113:9)
    at ErrorBoundary (webpack-internal:///(app-pages-browser)/./node_modules/next/dist/client/components/error-boundary.js:160:11)
    at AppRouter (webpack-internal:///(app-pages-browser)/./node_modules/next/dist/client/components/app-router.js:585:13)
    at ServerRoot (webpack-internal:///(app-pages-browser)/./node_modules/next/dist/client/app-index.js:112:27)
    at Root (webpack-internal:///(app-pages-browser)/./node_modules/next/dist/client/app-index.js:117:11)
    at ReactDevOverlay (webpack-internal:///(app-pages-browser)/./node_modules/next/dist/client/components/react-dev-overlay/app/ReactDevOverlay.js:87:9)

React will try to recreate this component tree from scratch using the error boundary you provided, ReactDevOverlay. @ webpack-internal:///(app-pages-browser)/./node_modules/next/dist/client/app-index.js:32
[  162906ms] [LOG] [Fast Refresh] rebuilding @ webpack-internal:///(app-pages-browser)/./node_modules/next/dist/client/components/react-dev-overlay/app/hot-reloader-client.js:186
[  162958ms] [ERROR] Failed to load resource: the server responded with a status of 500 (Internal Server Error) @ http://localhost:3000/:0
[  164842ms] [INFO] %cDownload the React DevTools for a better development experience: https://reactjs.org/link/react-devtools font-weight:bold @ webpack-internal:///(app-pages-browser)/./node_modules/next/dist/compiled/react-dom/cjs/react-dom.development.js:38559
[  165226ms] TypeError: Cannot read properties of undefined (reading 'stop')
    at eval (webpack-internal:///(app-pages-browser)/./src/components/landing-hero.tsx:1529:22)
    at safelyCallDestroy (webpack-internal:///(app-pages-browser)/./node_modules/next/dist/compiled/react-dom/cjs/react-dom.development.js:20869:5)
    at commitHookEffectListUnmount (webpack-internal:///(app-pages-browser)/./node_modules/next/dist/compiled/react-dom/cjs/react-dom.development.js:21051:11)
    at invokePassiveEffectUnmountInDEV (webpack-internal:///(app-pages-browser)/./node_modules/next/dist/compiled/react-dom/cjs/react-dom.development.js:24033:13)
    at invokeEffectsInDev (webpack-internal:///(app-pages-browser)/./node_modules/next/dist/compiled/react-dom/cjs/react-dom.development.js:26852:9)
    at legacyCommitDoubleInvokeEffectsInDEV (webpack-internal:///(app-pages-browser)/./node_modules/next/dist/compiled/react-dom/cjs/react-dom.development.js:26829:5)
    at commitDoubleInvokeEffectsInDEV (webpack-internal:///(app-pages-browser)/./node_modules/next/dist/compiled/react-dom/cjs/react-dom.development.js:26816:7)
    at flushPassiveEffectsImpl (webpack-internal:///(app-pages-browser)/./node_modules/next/dist/compiled/react-dom/cjs/react-dom.development.js:26514:5)
    at flushPassiveEffects (webpack-internal:///(app-pages-browser)/./node_modules/next/dist/compiled/react-dom/cjs/react-dom.development.js:26438:14)
    at eval (webpack-internal:///(app-pages-browser)/./node_modules/next/dist/compiled/react-dom/cjs/react-dom.development.js:26172:9)
    at workLoop (webpack-internal:///(app-pages-browser)/./node_modules/next/dist/compiled/scheduler/cjs/scheduler.development.js:256:34)
    at flushWork (webpack-internal:///(app-pages-browser)/./node_modules/next/dist/compiled/scheduler/cjs/scheduler.development.js:225:14)
    at MessagePort.performWorkUntilDeadline (webpack-internal:///(app-pages-browser)/./node_modules/next/dist/compiled/scheduler/cjs/scheduler.development.js:534:21)
[  165239ms] TypeError: Cannot read properties of undefined (reading 'stop')
    at eval (webpack-internal:///(app-pages-browser)/./src/components/landing-hero.tsx:1529:22)
    at safelyCallDestroy (webpack-internal:///(app-pages-browser)/./node_modules/next/dist/compiled/react-dom/cjs/react-dom.development.js:20869:5)
    at commitHookEffectListUnmount (webpack-internal:///(app-pages-browser)/./node_modules/next/dist/compiled/react-dom/cjs/react-dom.development.js:21051:11)
    at invokePassiveEffectUnmountInDEV (webpack-internal:///(app-pages-browser)/./node_modules/next/dist/compiled/react-dom/cjs/react-dom.development.js:24033:13)
    at invokeEffectsInDev (webpack-internal:///(app-pages-browser)/./node_modules/next/dist/compiled/react-dom/cjs/react-dom.development.js:26852:9)
    at legacyCommitDoubleInvokeEffectsInDEV (webpack-internal:///(app-pages-browser)/./node_modules/next/dist/compiled/react-dom/cjs/react-dom.development.js:26829:5)
    at commitDoubleInvokeEffectsInDEV (webpack-internal:///(app-pages-browser)/./node_modules/next/dist/compiled/react-dom/cjs/react-dom.development.js:26816:7)
    at flushPassiveEffectsImpl (webpack-internal:///(app-pages-browser)/./node_modules/next/dist/compiled/react-dom/cjs/react-dom.development.js:26514:5)
    at flushPassiveEffects (webpack-internal:///(app-pages-browser)/./node_modules/next/dist/compiled/react-dom/cjs/react-dom.development.js:26438:14)
    at eval (webpack-internal:///(app-pages-browser)/./node_modules/next/dist/compiled/react-dom/cjs/react-dom.development.js:26172:9)
    at workLoop (webpack-internal:///(app-pages-browser)/./node_modules/next/dist/compiled/scheduler/cjs/scheduler.development.js:256:34)
    at flushWork (webpack-internal:///(app-pages-browser)/./node_modules/next/dist/compiled/scheduler/cjs/scheduler.development.js:225:14)
    at MessagePort.performWorkUntilDeadline (webpack-internal:///(app-pages-browser)/./node_modules/next/dist/compiled/scheduler/cjs/scheduler.development.js:534:21)
[  165239ms] TypeError: Cannot read properties of undefined (reading 'stop')
    at eval (webpack-internal:///(app-pages-browser)/./src/components/landing-hero.tsx:1529:22)
    at safelyCallDestroy (webpack-internal:///(app-pages-browser)/./node_modules/next/dist/compiled/react-dom/cjs/react-dom.development.js:20869:5)
    at commitHookEffectListUnmount (webpack-internal:///(app-pages-browser)/./node_modules/next/dist/compiled/react-dom/cjs/react-dom.development.js:21051:11)
    at invokePassiveEffectUnmountInDEV (webpack-internal:///(app-pages-browser)/./node_modules/next/dist/compiled/react-dom/cjs/react-dom.development.js:24033:13)
    at invokeEffectsInDev (webpack-internal:///(app-pages-browser)/./node_modules/next/dist/compiled/react-dom/cjs/react-dom.development.js:26852:9)
    at legacyCommitDoubleInvokeEffectsInDEV (webpack-internal:///(app-pages-browser)/./node_modules/next/dist/compiled/react-dom/cjs/react-dom.development.js:26829:5)
    at commitDoubleInvokeEffectsInDEV (webpack-internal:///(app-pages-browser)/./node_modules/next/dist/compiled/react-dom/cjs/react-dom.development.js:26816:7)
    at flushPassiveEffectsImpl (webpack-internal:///(app-pages-browser)/./node_modules/next/dist/compiled/react-dom/cjs/react-dom.development.js:26514:5)
    at flushPassiveEffects (webpack-internal:///(app-pages-browser)/./node_modules/next/dist/compiled/react-dom/cjs/react-dom.development.js:26438:14)
    at eval (webpack-internal:///(app-pages-browser)/./node_modules/next/dist/compiled/react-dom/cjs/react-dom.development.js:26172:9)
    at workLoop (webpack-internal:///(app-pages-browser)/./node_modules/next/dist/compiled/scheduler/cjs/scheduler.development.js:256:34)
    at flushWork (webpack-internal:///(app-pages-browser)/./node_modules/next/dist/compiled/scheduler/cjs/scheduler.development.js:225:14)
    at MessagePort.performWorkUntilDeadline (webpack-internal:///(app-pages-browser)/./node_modules/next/dist/compiled/scheduler/cjs/scheduler.development.js:534:21)
[  165242ms] TypeError: Cannot read properties of undefined (reading 'stop')
    at eval (webpack-internal:///(app-pages-browser)/./src/components/landing-hero.tsx:1529:22)
    at safelyCallDestroy (webpack-internal:///(app-pages-browser)/./node_modules/next/dist/compiled/react-dom/cjs/react-dom.development.js:20869:5)
    at commitHookEffectListUnmount (webpack-internal:///(app-pages-browser)/./node_modules/next/dist/compiled/react-dom/cjs/react-dom.development.js:21051:11)
    at invokePassiveEffectUnmountInDEV (webpack-internal:///(app-pages-browser)/./node_modules/next/dist/compiled/react-dom/cjs/react-dom.development.js:24033:13)
    at invokeEffectsInDev (webpack-internal:///(app-pages-browser)/./node_modules/next/dist/compiled/react-dom/cjs/react-dom.development.js:26852:9)
    at legacyCommitDoubleInvokeEffectsInDEV (webpack-internal:///(app-pages-browser)/./node_modules/next/dist/compiled/react-dom/cjs/react-dom.development.js:26829:5)
    at commitDoubleInvokeEffectsInDEV (webpack-internal:///(app-pages-browser)/./node_modules/next/dist/compiled/react-dom/cjs/react-dom.development.js:26816:7)
    at flushPassiveEffectsImpl (webpack-internal:///(app-pages-browser)/./node_modules/next/dist/compiled/react-dom/cjs/react-dom.development.js:26514:5)
    at flushPassiveEffects (webpack-internal:///(app-pages-browser)/./node_modules/next/dist/compiled/react-dom/cjs/react-dom.development.js:26438:14)
    at eval (webpack-internal:///(app-pages-browser)/./node_modules/next/dist/compiled/react-dom/cjs/react-dom.development.js:26172:9)
    at workLoop (webpack-internal:///(app-pages-browser)/./node_modules/next/dist/compiled/scheduler/cjs/scheduler.development.js:256:34)
    at flushWork (webpack-internal:///(app-pages-browser)/./node_modules/next/dist/compiled/scheduler/cjs/scheduler.development.js:225:14)
    at MessagePort.performWorkUntilDeadline (webpack-internal:///(app-pages-browser)/./node_modules/next/dist/compiled/scheduler/cjs/scheduler.development.js:534:21)
[  165243ms] TypeError: Cannot read properties of undefined (reading 'stop')
    at eval (webpack-internal:///(app-pages-browser)/./src/components/landing-hero.tsx:1529:22)
    at safelyCallDestroy (webpack-internal:///(app-pages-browser)/./node_modules/next/dist/compiled/react-dom/cjs/react-dom.development.js:20869:5)
    at commitHookEffectListUnmount (webpack-internal:///(app-pages-browser)/./node_modules/next/dist/compiled/react-dom/cjs/react-dom.development.js:21051:11)
    at invokePassiveEffectUnmountInDEV (webpack-internal:///(app-pages-browser)/./node_modules/next/dist/compiled/react-dom/cjs/react-dom.development.js:24033:13)
    at invokeEffectsInDev (webpack-internal:///(app-pages-browser)/./node_modules/next/dist/compiled/react-dom/cjs/react-dom.development.js:26852:9)
    at legacyCommitDoubleInvokeEffectsInDEV (webpack-internal:///(app-pages-browser)/./node_modules/next/dist/compiled/react-dom/cjs/react-dom.development.js:26829:5)
    at commitDoubleInvokeEffectsInDEV (webpack-internal:///(app-pages-browser)/./node_modules/next/dist/compiled/react-dom/cjs/react-dom.development.js:26816:7)
    at flushPassiveEffectsImpl (webpack-internal:///(app-pages-browser)/./node_modules/next/dist/compiled/react-dom/cjs/react-dom.development.js:26514:5)
    at flushPassiveEffects (webpack-internal:///(app-pages-browser)/./node_modules/next/dist/compiled/react-dom/cjs/react-dom.development.js:26438:14)
    at eval (webpack-internal:///(app-pages-browser)/./node_modules/next/dist/compiled/react-dom/cjs/react-dom.development.js:26172:9)
    at workLoop (webpack-internal:///(app-pages-browser)/./node_modules/next/dist/compiled/scheduler/cjs/scheduler.development.js:256:34)
    at flushWork (webpack-internal:///(app-pages-browser)/./node_modules/next/dist/compiled/scheduler/cjs/scheduler.development.js:225:14)
    at MessagePort.performWorkUntilDeadline (webpack-internal:///(app-pages-browser)/./node_modules/next/dist/compiled/scheduler/cjs/scheduler.development.js:534:21)
[  165245ms] TypeError: Cannot read properties of undefined (reading 'stop')
    at eval (webpack-internal:///(app-pages-browser)/./src/components/landing-hero.tsx:1529:22)
    at safelyCallDestroy (webpack-internal:///(app-pages-browser)/./node_modules/next/dist/compiled/react-dom/cjs/react-dom.development.js:20869:5)
    at commitHookEffectListUnmount (webpack-internal:///(app-pages-browser)/./node_modules/next/dist/compiled/react-dom/cjs/react-dom.development.js:21051:11)
    at invokePassiveEffectUnmountInDEV (webpack-internal:///(app-pages-browser)/./node_modules/next/dist/compiled/react-dom/cjs/react-dom.development.js:24033:13)
    at invokeEffectsInDev (webpack-internal:///(app-pages-browser)/./node_modules/next/dist/compiled/react-dom/cjs/react-dom.development.js:26852:9)
    at legacyCommitDoubleInvokeEffectsInDEV (webpack-internal:///(app-pages-browser)/./node_modules/next/dist/compiled/react-dom/cjs/react-dom.development.js:26829:5)
    at commitDoubleInvokeEffectsInDEV (webpack-internal:///(app-pages-browser)/./node_modules/next/dist/compiled/react-dom/cjs/react-dom.development.js:26816:7)
    at flushPassiveEffectsImpl (webpack-internal:///(app-pages-browser)/./node_modules/next/dist/compiled/react-dom/cjs/react-dom.development.js:26514:5)
    at flushPassiveEffects (webpack-internal:///(app-pages-browser)/./node_modules/next/dist/compiled/react-dom/cjs/react-dom.development.js:26438:14)
    at eval (webpack-internal:///(app-pages-browser)/./node_modules/next/dist/compiled/react-dom/cjs/react-dom.development.js:26172:9)
    at workLoop (webpack-internal:///(app-pages-browser)/./node_modules/next/dist/compiled/scheduler/cjs/scheduler.development.js:256:34)
    at flushWork (webpack-internal:///(app-pages-browser)/./node_modules/next/dist/compiled/scheduler/cjs/scheduler.development.js:225:14)
    at MessagePort.performWorkUntilDeadline (webpack-internal:///(app-pages-browser)/./node_modules/next/dist/compiled/scheduler/cjs/scheduler.development.js:534:21)
[  165245ms] TypeError: Cannot read properties of undefined (reading 'stop')
    at eval (webpack-internal:///(app-pages-browser)/./src/components/landing-hero.tsx:1529:22)
    at safelyCallDestroy (webpack-internal:///(app-pages-browser)/./node_modules/next/dist/compiled/react-dom/cjs/react-dom.development.js:20869:5)
    at commitHookEffectListUnmount (webpack-internal:///(app-pages-browser)/./node_modules/next/dist/compiled/react-dom/cjs/react-dom.development.js:21051:11)
    at invokePassiveEffectUnmountInDEV (webpack-internal:///(app-pages-browser)/./node_modules/next/dist/compiled/react-dom/cjs/react-dom.development.js:24033:13)
    at invokeEffectsInDev (webpack-internal:///(app-pages-browser)/./node_modules/next/dist/compiled/react-dom/cjs/react-dom.development.js:26852:9)
    at legacyCommitDoubleInvokeEffectsInDEV (webpack-internal:///(app-pages-browser)/./node_modules/next/dist/compiled/react-dom/cjs/react-dom.development.js:26829:5)
    at commitDoubleInvokeEffectsInDEV (webpack-internal:///(app-pages-browser)/./node_modules/next/dist/compiled/react-dom/cjs/react-dom.development.js:26816:7)
    at flushPassiveEffectsImpl (webpack-internal:///(app-pages-browser)/./node_modules/next/dist/compiled/react-dom/cjs/react-dom.development.js:26514:5)
    at flushPassiveEffects (webpack-internal:///(app-pages-browser)/./node_modules/next/dist/compiled/react-dom/cjs/react-dom.development.js:26438:14)
    at eval (webpack-internal:///(app-pages-browser)/./node_modules/next/dist/compiled/react-dom/cjs/react-dom.development.js:26172:9)
    at workLoop (webpack-internal:///(app-pages-browser)/./node_modules/next/dist/compiled/scheduler/cjs/scheduler.development.js:256:34)
    at flushWork (webpack-internal:///(app-pages-browser)/./node_modules/next/dist/compiled/scheduler/cjs/scheduler.development.js:225:14)
    at MessagePort.performWorkUntilDeadline (webpack-internal:///(app-pages-browser)/./node_modules/next/dist/compiled/scheduler/cjs/scheduler.development.js:534:21)
[  165246ms] TypeError: Cannot read properties of undefined (reading 'stop')
    at eval (webpack-internal:///(app-pages-browser)/./src/components/landing-hero.tsx:1529:22)
    at safelyCallDestroy (webpack-internal:///(app-pages-browser)/./node_modules/next/dist/compiled/react-dom/cjs/react-dom.development.js:20869:5)
    at commitHookEffectListUnmount (webpack-internal:///(app-pages-browser)/./node_modules/next/dist/compiled/react-dom/cjs/react-dom.development.js:21051:11)
    at invokePassiveEffectUnmountInDEV (webpack-internal:///(app-pages-browser)/./node_modules/next/dist/compiled/react-dom/cjs/react-dom.development.js:24033:13)
    at invokeEffectsInDev (webpack-internal:///(app-pages-browser)/./node_modules/next/dist/compiled/react-dom/cjs/react-dom.development.js:26852:9)
    at legacyCommitDoubleInvokeEffectsInDEV (webpack-internal:///(app-pages-browser)/./node_modules/next/dist/compiled/react-dom/cjs/react-dom.development.js:26829:5)
    at commitDoubleInvokeEffectsInDEV (webpack-internal:///(app-pages-browser)/./node_modules/next/dist/compiled/react-dom/cjs/react-dom.development.js:26816:7)
    at flushPassiveEffectsImpl (webpack-internal:///(app-pages-browser)/./node_modules/next/dist/compiled/react-dom/cjs/react-dom.development.js:26514:5)
    at flushPassiveEffects (webpack-internal:///(app-pages-browser)/./node_modules/next/dist/compiled/react-dom/cjs/react-dom.development.js:26438:14)
    at eval (webpack-internal:///(app-pages-browser)/./node_modules/next/dist/compiled/react-dom/cjs/react-dom.development.js:26172:9)
    at workLoop (webpack-internal:///(app-pages-browser)/./node_modules/next/dist/compiled/scheduler/cjs/scheduler.development.js:256:34)
    at flushWork (webpack-internal:///(app-pages-browser)/./node_modules/next/dist/compiled/scheduler/cjs/scheduler.development.js:225:14)
    at MessagePort.performWorkUntilDeadline (webpack-internal:///(app-pages-browser)/./node_modules/next/dist/compiled/scheduler/cjs/scheduler.development.js:534:21)
[  165247ms] TypeError: Cannot read properties of undefined (reading 'stop')
    at eval (webpack-internal:///(app-pages-browser)/./src/components/landing-hero.tsx:1529:22)
    at safelyCallDestroy (webpack-internal:///(app-pages-browser)/./node_modules/next/dist/compiled/react-dom/cjs/react-dom.development.js:20869:5)
    at commitHookEffectListUnmount (webpack-internal:///(app-pages-browser)/./node_modules/next/dist/compiled/react-dom/cjs/react-dom.development.js:21051:11)
    at invokePassiveEffectUnmountInDEV (webpack-internal:///(app-pages-browser)/./node_modules/next/dist/compiled/react-dom/cjs/react-dom.development.js:24033:13)
    at invokeEffectsInDev (webpack-internal:///(app-pages-browser)/./node_modules/next/dist/compiled/react-dom/cjs/react-dom.development.js:26852:9)
    at legacyCommitDoubleInvokeEffectsInDEV (webpack-internal:///(app-pages-browser)/./node_modules/next/dist/compiled/react-dom/cjs/react-dom.development.js:26829:5)
    at commitDoubleInvokeEffectsInDEV (webpack-internal:///(app-pages-browser)/./node_modules/next/dist/compiled/react-dom/cjs/react-dom.development.js:26816:7)
    at flushPassiveEffectsImpl (webpack-internal:///(app-pages-browser)/./node_modules/next/dist/compiled/react-dom/cjs/react-dom.development.js:26514:5)
    at flushPassiveEffects (webpack-internal:///(app-pages-browser)/./node_modules/next/dist/compiled/react-dom/cjs/react-dom.development.js:26438:14)
    at eval (webpack-internal:///(app-pages-browser)/./node_modules/next/dist/compiled/react-dom/cjs/react-dom.development.js:26172:9)
    at workLoop (webpack-internal:///(app-pages-browser)/./node_modules/next/dist/compiled/scheduler/cjs/scheduler.development.js:256:34)
    at flushWork (webpack-internal:///(app-pages-browser)/./node_modules/next/dist/compiled/scheduler/cjs/scheduler.development.js:225:14)
    at MessagePort.performWorkUntilDeadline (webpack-internal:///(app-pages-browser)/./node_modules/next/dist/compiled/scheduler/cjs/scheduler.development.js:534:21)
[  165247ms] [ERROR] The above error occurred in the <NotFoundErrorBoundary> component:

    at HeroPreview (webpack-internal:///(app-pages-browser)/./src/components/landing-hero.tsx:1548:22)
    at div
    at section
    at div
    at MotionDOMComponent (webpack-internal:///(app-pages-browser)/../../node_modules/framer-motion/dist/es/motion/index.mjs:65:65)
    at LandingHero (webpack-internal:///(app-pages-browser)/./src/components/landing-hero.tsx:162:88)
    at div
    at LandingPage (Server)
    at InnerLayoutRouter (webpack-internal:///(app-pages-browser)/./node_modules/next/dist/client/components/layout-router.js:243:11)
    at RedirectErrorBoundary (webpack-internal:///(app-pages-browser)/./node_modules/next/dist/client/components/redirect-boundary.js:74:9)
    at RedirectBoundary (webpack-internal:///(app-pages-browser)/./node_modules/next/dist/client/components/redirect-boundary.js:82:11)
    at NotFoundErrorBoundary (webpack-internal:///(app-pages-browser)/./node_modules/next/dist/client/components/not-found-boundary.js:76:9)
    at NotFoundBoundary (webpack-internal:///(app-pages-browser)/./node_modules/next/dist/client/components/not-found-boundary.js:84:11)
    at LoadingBoundary (webpack-internal:///(app-pages-browser)/./node_modules/next/dist/client/components/layout-router.js:349:11)
    at ErrorBoundary (webpack-internal:///(app-pages-browser)/./node_modules/next/dist/client/components/error-boundary.js:160:11)
    at InnerScrollAndFocusHandler (webpack-internal:///(app-pages-browser)/./node_modules/next/dist/client/components/layout-router.js:153:9)
    at ScrollAndFocusHandler (webpack-internal:///(app-pages-browser)/./node_modules/next/dist/client/components/layout-router.js:228:11)
    at RenderFromTemplateContext (webpack-internal:///(app-pages-browser)/./node_modules/next/dist/client/components/render-from-template-context.js:16:44)
    at OuterLayoutRouter (webpack-internal:///(app-pages-browser)/./node_modules/next/dist/client/components/layout-router.js:370:11)
    at body
    at html
    at RootLayout (Server)
    at RedirectErrorBoundary (webpack-internal:///(app-pages-browser)/./node_modules/next/dist/client/components/redirect-boundary.js:74:9)
    at RedirectBoundary (webpack-internal:///(app-pages-browser)/./node_modules/next/dist/client/components/redirect-boundary.js:82:11)
    at NotFoundErrorBoundary (webpack-internal:///(app-pages-browser)/./node_modules/next/dist/client/components/not-found-boundary.js:76:9)
    at NotFoundBoundary (webpack-internal:///(app-pages-browser)/./node_modules/next/dist/client/components/not-found-boundary.js:84:11)
    at DevRootNotFoundBoundary (webpack-internal:///(app-pages-browser)/./node_modules/next/dist/client/components/dev-root-not-found-boundary.js:33:11)
    at ReactDevOverlay (webpack-internal:///(app-pages-browser)/./node_modules/next/dist/client/components/react-dev-overlay/app/ReactDevOverlay.js:87:9)
    at HotReload (webpack-internal:///(app-pages-browser)/./node_modules/next/dist/client/components/react-dev-overlay/app/hot-reloader-client.js:321:11)
    at Router (webpack-internal:///(app-pages-browser)/./node_modules/next/dist/client/components/app-router.js:207:11)
    at ErrorBoundaryHandler (webpack-internal:///(app-pages-browser)/./node_modules/next/dist/client/components/error-boundary.js:113:9)
    at ErrorBoundary (webpack-internal:///(app-pages-browser)/./node_modules/next/dist/client/components/error-boundary.js:160:11)
    at AppRouter (webpack-internal:///(app-pages-browser)/./node_modules/next/dist/client/components/app-router.js:585:13)
    at ServerRoot (webpack-internal:///(app-pages-browser)/./node_modules/next/dist/client/app-index.js:112:27)
    at Root (webpack-internal:///(app-pages-browser)/./node_modules/next/dist/client/app-index.js:117:11)
    at ReactDevOverlay (webpack-internal:///(app-pages-browser)/./node_modules/next/dist/client/components/react-dev-overlay/app/ReactDevOverlay.js:87:9)

React will try to recreate this component tree from scratch using the error boundary you provided, ReactDevOverlay. @ webpack-internal:///(app-pages-browser)/./node_modules/next/dist/client/app-index.js:32
[  165254ms] TypeError: Cannot read properties of undefined (reading 'stop')
    at eval (webpack-internal:///(app-pages-browser)/./src/components/landing-hero.tsx:1529:22)
    at safelyCallDestroy (webpack-internal:///(app-pages-browser)/./node_modules/next/dist/compiled/react-dom/cjs/react-dom.development.js:20869:5)
    at commitHookEffectListUnmount (webpack-internal:///(app-pages-browser)/./node_modules/next/dist/compiled/react-dom/cjs/react-dom.development.js:21051:11)
    at commitHookPassiveUnmountEffects (webpack-internal:///(app-pages-browser)/./node_modules/next/dist/compiled/react-dom/cjs/react-dom.development.js:23682:5)
    at commitPassiveUnmountInsideDeletedTreeOnFiber (webpack-internal:///(app-pages-browser)/./node_modules/next/dist/compiled/react-dom/cjs/react-dom.development.js:23882:9)
    at commitPassiveUnmountEffectsInsideOfDeletedTree_begin (webpack-internal:///(app-pages-browser)/./node_modules/next/dist/compiled/react-dom/cjs/react-dom.development.js:23838:5)
    at recursivelyTraversePassiveUnmountEffects (webpack-internal:///(app-pages-browser)/./node_modules/next/dist/compiled/react-dom/cjs/react-dom.development.js:23700:9)
    at commitPassiveUnmountOnFiber (webpack-internal:///(app-pages-browser)/./node_modules/next/dist/compiled/react-dom/cjs/react-dom.development.js:23761:9)
    at recursivelyTraversePassiveUnmountEffects (webpack-internal:///(app-pages-browser)/./node_modules/next/dist/compiled/react-dom/cjs/react-dom.development.js:23714:7)
    at commitPassiveUnmountOnFiber (webpack-internal:///(app-pages-browser)/./node_modules/next/dist/compiled/react-dom/cjs/react-dom.development.js:23728:9)
    at recursivelyTraversePassiveUnmountEffects (webpack-internal:///(app-pages-browser)/./node_modules/next/dist/compiled/react-dom/cjs/react-dom.development.js:23714:7)
    at commitPassiveUnmountOnFiber (webpack-internal:///(app-pages-browser)/./node_modules/next/dist/compiled/react-dom/cjs/react-dom.development.js:23761:9)
    at recursivelyTraversePassiveUnmountEffects (webpack-internal:///(app-pages-browser)/./node_modules/next/dist/compiled/react-dom/cjs/react-dom.development.js:23714:7)
    at commitPassiveUnmountOnFiber (webpack-internal:///(app-pages-browser)/./node_modules/next/dist/compiled/react-dom/cjs/react-dom.development.js:23761:9)
    at recursivelyTraversePassiveUnmountEffects (webpack-internal:///(app-pages-browser)/./node_modules/next/dist/compiled/react-dom/cjs/react-dom.development.js:23714:7)
    at commitPassiveUnmountOnFiber (webpack-internal:///(app-pages-browser)/./node_modules/next/dist/compiled/react-dom/cjs/react-dom.development.js:23761:9)
    at recursivelyTraversePassiveUnmountEffects (webpack-internal:///(app-pages-browser)/./node_modules/next/dist/compiled/react-dom/cjs/react-dom.development.js:23714:7)
    at commitPassiveUnmountOnFiber (webpack-internal:///(app-pages-browser)/./node_modules/next/dist/compiled/react-dom/cjs/react-dom.development.js:23761:9)
    at recursivelyTraversePassiveUnmountEffects (webpack-internal:///(app-pages-browser)/./node_modules/next/dist/compiled/react-dom/cjs/react-dom.development.js:23714:7)
    at commitPassiveUnmountOnFiber (webpack-internal:///(app-pages-browser)/./node_modules/next/dist/compiled/react-dom/cjs/react-dom.development.js:23761:9)
    at recursivelyTraversePassiveUnmountEffects (webpack-internal:///(app-pages-browser)/./node_modules/next/dist/compiled/react-dom/cjs/react-dom.development.js:23714:7)
    at commitPassiveUnmountOnFiber (webpack-internal:///(app-pages-browser)/./node_modules/next/dist/compiled/react-dom/cjs/react-dom.development.js:23761:9)
    at recursivelyTraversePassiveUnmountEffects (webpack-internal:///(app-pages-browser)/./node_modules/next/dist/compiled/react-dom/cjs/react-dom.development.js:23714:7)
    at commitPassiveUnmountOnFiber (webpack-internal:///(app-pages-browser)/./node_modules/next/dist/compiled/react-dom/cjs/react-dom.development.js:23728:9)
    at recursivelyTraversePassiveUnmountEffects (webpack-internal:///(app-pages-browser)/./node_modules/next/dist/compiled/react-dom/cjs/react-dom.development.js:23714:7)
    at commitPassiveUnmountOnFiber (webpack-internal:///(app-pages-browser)/./node_modules/next/dist/compiled/react-dom/cjs/react-dom.development.js:23761:9)
    at recursivelyTraversePassiveUnmountEffects (webpack-internal:///(app-pages-browser)/./node_modules/next/dist/compiled/react-dom/cjs/react-dom.development.js:23714:7)
    at commitPassiveUnmountOnFiber (webpack-internal:///(app-pages-browser)/./node_modules/next/dist/compiled/react-dom/cjs/react-dom.development.js:23728:9)
    at recursivelyTraversePassiveUnmountEffects (webpack-internal:///(app-pages-browser)/./node_modules/next/dist/compiled/react-dom/cjs/react-dom.development.js:23714:7)
    at commitPassiveUnmountOnFiber (webpack-internal:///(app-pages-browser)/./node_modules/next/dist/compiled/react-dom/cjs/react-dom.development.js:23728:9)
    at recursivelyTraversePassiveUnmountEffects (webpack-internal:///(app-pages-browser)/./node_modules/next/dist/compiled/react-dom/cjs/react-dom.development.js:23714:7)
    at commitPassiveUnmountOnFiber (webpack-internal:///(app-pages-browser)/./node_modules/next/dist/compiled/react-dom/cjs/react-dom.development.js:23728:9)
    at recursivelyTraversePassiveUnmountEffects (webpack-internal:///(app-pages-browser)/./node_modules/next/dist/compiled/react-dom/cjs/react-dom.development.js:23714:7)
    at commitPassiveUnmountOnFiber (webpack-internal:///(app-pages-browser)/./node_modules/next/dist/compiled/react-dom/cjs/react-dom.development.js:23728:9)
    at recursivelyTraversePassiveUnmountEffects (webpack-internal:///(app-pages-browser)/./node_modules/next/dist/compiled/react-dom/cjs/react-dom.development.js:23714:7)
    at commitPassiveUnmountOnFiber (webpack-internal:///(app-pages-browser)/./node_modules/next/dist/compiled/react-dom/cjs/react-dom.development.js:23761:9)
    at recursivelyTraversePassiveUnmountEffects (webpack-internal:///(app-pages-browser)/./node_modules/next/dist/compiled/react-dom/cjs/react-dom.development.js:23714:7)
    at commitPassiveUnmountOnFiber (webpack-internal:///(app-pages-browser)/./node_modules/next/dist/compiled/react-dom/cjs/react-dom.development.js:23761:9)
    at recursivelyTraversePassiveUnmountEffects (webpack-internal:///(app-pages-browser)/./node_modules/next/dist/compiled/react-dom/cjs/react-dom.development.js:23714:7)
    at commitPassiveUnmountOnFiber (webpack-internal:///(app-pages-browser)/./node_modules/next/dist/compiled/react-dom/cjs/react-dom.development.js:23761:9)
    at recursivelyTraversePassiveUnmountEffects (webpack-internal:///(app-pages-browser)/./node_modules/next/dist/compiled/react-dom/cjs/react-dom.development.js:23714:7)
    at commitPassiveUnmountOnFiber (webpack-internal:///(app-pages-browser)/./node_modules/next/dist/compiled/react-dom/cjs/react-dom.development.js:23761:9)
    at recursivelyTraversePassiveUnmountEffects (webpack-internal:///(app-pages-browser)/./node_modules/next/dist/compiled/react-dom/cjs/react-dom.development.js:23714:7)
    at commitPassiveUnmountOnFiber (webpack-internal:///(app-pages-browser)/./node_modules/next/dist/compiled/react-dom/cjs/react-dom.development.js:23761:9)
    at commitPassiveUnmountEffects (webpack-internal:///(app-pages-browser)/./node_modules/next/dist/compiled/react-dom/cjs/react-dom.development.js:23553:3)
    at flushPassiveEffectsImpl (webpack-internal:///(app-pages-browser)/./node_modules/next/dist/compiled/react-dom/cjs/react-dom.development.js:26496:3)
    at flushPassiveEffects (webpack-internal:///(app-pages-browser)/./node_modules/next/dist/compiled/react-dom/cjs/react-dom.development.js:26438:14)
    at commitRootImpl (webpack-internal:///(app-pages-browser)/./node_modules/next/dist/compiled/react-dom/cjs/react-dom.development.js:26337:5)
    at commitRoot (webpack-internal:///(app-pages-browser)/./node_modules/next/dist/compiled/react-dom/cjs/react-dom.development.js:26077:5)
    at performSyncWorkOnRoot (webpack-internal:///(app-pages-browser)/./node_modules/next/dist/compiled/react-dom/cjs/react-dom.development.js:24925:3)
[  165252ms] [ERROR] The above error occurred in the <HeroPreview> component:

    at HeroPreview (webpack-internal:///(app-pages-browser)/./src/components/landing-hero.tsx:1548:22)
    at div
    at section
    at div
    at MotionDOMComponent (webpack-internal:///(app-pages-browser)/../../node_modules/framer-motion/dist/es/motion/index.mjs:65:65)
    at LandingHero (webpack-internal:///(app-pages-browser)/./src/components/landing-hero.tsx:162:88)
    at div
    at LandingPage (Server)
    at InnerLayoutRouter (webpack-internal:///(app-pages-browser)/./node_modules/next/dist/client/components/layout-router.js:243:11)
    at RedirectErrorBoundary (webpack-internal:///(app-pages-browser)/./node_modules/next/dist/client/components/redirect-boundary.js:74:9)
    at RedirectBoundary (webpack-internal:///(app-pages-browser)/./node_modules/next/dist/client/components/redirect-boundary.js:82:11)
    at NotFoundErrorBoundary (webpack-internal:///(app-pages-browser)/./node_modules/next/dist/client/components/not-found-boundary.js:76:9)
    at NotFoundBoundary (webpack-internal:///(app-pages-browser)/./node_modules/next/dist/client/components/not-found-boundary.js:84:11)
    at LoadingBoundary (webpack-internal:///(app-pages-browser)/./node_modules/next/dist/client/components/layout-router.js:349:11)
    at ErrorBoundary (webpack-internal:///(app-pages-browser)/./node_modules/next/dist/client/components/error-boundary.js:160:11)
    at InnerScrollAndFocusHandler (webpack-internal:///(app-pages-browser)/./node_modules/next/dist/client/components/layout-router.js:153:9)
    at ScrollAndFocusHandler (webpack-internal:///(app-pages-browser)/./node_modules/next/dist/client/components/layout-router.js:228:11)
    at RenderFromTemplateContext (webpack-internal:///(app-pages-browser)/./node_modules/next/dist/client/components/render-from-template-context.js:16:44)
    at OuterLayoutRouter (webpack-internal:///(app-pages-browser)/./node_modules/next/dist/client/components/layout-router.js:370:11)
    at body
    at html
    at RootLayout (Server)
    at RedirectErrorBoundary (webpack-internal:///(app-pages-browser)/./node_modules/next/dist/client/components/redirect-boundary.js:74:9)
    at RedirectBoundary (webpack-internal:///(app-pages-browser)/./node_modules/next/dist/client/components/redirect-boundary.js:82:11)
    at NotFoundErrorBoundary (webpack-internal:///(app-pages-browser)/./node_modules/next/dist/client/components/not-found-boundary.js:76:9)
    at NotFoundBoundary (webpack-internal:///(app-pages-browser)/./node_modules/next/dist/client/components/not-found-boundary.js:84:11)
    at DevRootNotFoundBoundary (webpack-internal:///(app-pages-browser)/./node_modules/next/dist/client/components/dev-root-not-found-boundary.js:33:11)

React will try to recreate this component tree from scratch using the error boundary you provided, ReactDevOverlay. @ webpack-internal:///(app-pages-browser)/./node_modules/next/dist/client/app-index.js:32
[  165347ms] TypeError: Cannot read properties of undefined (reading 'set')
    at run (webpack-internal:///(app-pages-browser)/./src/components/landing-hero.tsx:1466:22)
    at eval (webpack-internal:///(app-pages-browser)/./src/components/landing-hero.tsx:1526:14)
    at commitHookEffectListMount (webpack-internal:///(app-pages-browser)/./node_modules/next/dist/compiled/react-dom/cjs/react-dom.development.js:21102:23)
    at commitHookPassiveMountEffects (webpack-internal:///(app-pages-browser)/./node_modules/next/dist/compiled/react-dom/cjs/react-dom.development.js:23154:7)
    at commitPassiveMountOnFiber (webpack-internal:///(app-pages-browser)/./node_modules/next/dist/compiled/react-dom/cjs/react-dom.development.js:23259:11)
    at recursivelyTraversePassiveMountEffects (webpack-internal:///(app-pages-browser)/./node_modules/next/dist/compiled/react-dom/cjs/react-dom.development.js:23237:7)
    at commitPassiveMountOnFiber (webpack-internal:///(app-pages-browser)/./node_modules/next/dist/compiled/react-dom/cjs/react-dom.development.js:23370:9)
    at recursivelyTraversePassiveMountEffects (webpack-internal:///(app-pages-browser)/./node_modules/next/dist/compiled/react-dom/cjs/react-dom.development.js:23237:7)
    at commitPassiveMountOnFiber (webpack-internal:///(app-pages-browser)/./node_modules/next/dist/compiled/react-dom/cjs/react-dom.development.js:23370:9)
    at recursivelyTraversePassiveMountEffects (webpack-internal:///(app-pages-browser)/./node_modules/next/dist/compiled/react-dom/cjs/react-dom.development.js:23237:7)
    at commitPassiveMountOnFiber (webpack-internal:///(app-pages-browser)/./node_modules/next/dist/compiled/react-dom/cjs/react-dom.development.js:23370:9)
    at recursivelyTraversePassiveMountEffects (webpack-internal:///(app-pages-browser)/./node_modules/next/dist/compiled/react-dom/cjs/react-dom.development.js:23237:7)
    at commitPassiveMountOnFiber (webpack-internal:///(app-pages-browser)/./node_modules/next/dist/compiled/react-dom/cjs/react-dom.development.js:23370:9)
    at recursivelyTraversePassiveMountEffects (webpack-internal:///(app-pages-browser)/./node_modules/next/dist/compiled/react-dom/cjs/react-dom.development.js:23237:7)
    at commitPassiveMountOnFiber (webpack-internal:///(app-pages-browser)/./node_modules/next/dist/compiled/react-dom/cjs/react-dom.development.js:23256:9)
    at recursivelyTraversePassiveMountEffects (webpack-internal:///(app-pages-browser)/./node_modules/next/dist/compiled/react-dom/cjs/react-dom.development.js:23237:7)
    at commitPassiveMountOnFiber (webpack-internal:///(app-pages-browser)/./node_modules/next/dist/compiled/react-dom/cjs/react-dom.development.js:23256:9)
    at recursivelyTraversePassiveMountEffects (webpack-internal:///(app-pages-browser)/./node_modules/next/dist/compiled/react-dom/cjs/react-dom.development.js:23237:7)
    at commitPassiveMountOnFiber (webpack-internal:///(app-pages-browser)/./node_modules/next/dist/compiled/react-dom/cjs/react-dom.development.js:23370:9)
    at recursivelyTraversePassiveMountEffects (webpack-internal:///(app-pages-browser)/./node_modules/next/dist/compiled/react-dom/cjs/react-dom.development.js:23237:7)
    at commitPassiveMountOnFiber (webpack-internal:///(app-pages-browser)/./node_modules/next/dist/compiled/react-dom/cjs/react-dom.development.js:23370:9)
    at recursivelyTraversePassiveMountEffects (webpack-internal:///(app-pages-browser)/./node_modules/next/dist/compiled/react-dom/cjs/react-dom.development.js:23237:7)
    at commitPassiveMountOnFiber (webpack-internal:///(app-pages-browser)/./node_modules/next/dist/compiled/react-dom/cjs/react-dom.development.js:23370:9)
    at recursivelyTraversePassiveMountEffects (webpack-internal:///(app-pages-browser)/./node_modules/next/dist/compiled/react-dom/cjs/react-dom.development.js:23237:7)
    at commitPassiveMountOnFiber (webpack-internal:///(app-pages-browser)/./node_modules/next/dist/compiled/react-dom/cjs/react-dom.development.js:23256:9)
    at recursivelyTraversePassiveMountEffects (webpack-internal:///(app-pages-browser)/./node_modules/next/dist/compiled/react-dom/cjs/react-dom.development.js:23237:7)
    at commitPassiveMountOnFiber (webpack-internal:///(app-pages-browser)/./node_modules/next/dist/compiled/react-dom/cjs/react-dom.development.js:23370:9)
    at recursivelyTraversePassiveMountEffects (webpack-internal:///(app-pages-browser)/./node_modules/next/dist/compiled/react-dom/cjs/react-dom.development.js:23237:7)
    at commitPassiveMountOnFiber (webpack-internal:///(app-pages-browser)/./node_modules/next/dist/compiled/react-dom/cjs/react-dom.development.js:23256:9)
    at recursivelyTraversePassiveMountEffects (webpack-internal:///(app-pages-browser)/./node_modules/next/dist/compiled/react-dom/cjs/react-dom.development.js:23237:7)
    at commitPassiveMountOnFiber (webpack-internal:///(app-pages-browser)/./node_modules/next/dist/compiled/react-dom/cjs/react-dom.development.js:23370:9)
    at recursivelyTraversePassiveMountEffects (webpack-internal:///(app-pages-browser)/./node_modules/next/dist/compiled/react-dom/cjs/react-dom.development.js:23237:7)
    at commitPassiveMountOnFiber (webpack-internal:///(app-pages-browser)/./node_modules/next/dist/compiled/react-dom/cjs/react-dom.development.js:23256:9)
    at recursivelyTraversePassiveMountEffects (webpack-internal:///(app-pages-browser)/./node_modules/next/dist/compiled/react-dom/cjs/react-dom.development.js:23237:7)
    at commitPassiveMountOnFiber (webpack-internal:///(app-pages-browser)/./node_modules/next/dist/compiled/react-dom/cjs/react-dom.development.js:23256:9)
    at recursivelyTraversePassiveMountEffects (webpack-internal:///(app-pages-browser)/./node_modules/next/dist/compiled/react-dom/cjs/react-dom.development.js:23237:7)
    at commitPassiveMountOnFiber (webpack-internal:///(app-pages-browser)/./node_modules/next/dist/compiled/react-dom/cjs/react-dom.development.js:23256:9)
    at recursivelyTraversePassiveMountEffects (webpack-internal:///(app-pages-browser)/./node_modules/next/dist/compiled/react-dom/cjs/react-dom.development.js:23237:7)
    at commitPassiveMountOnFiber (webpack-internal:///(app-pages-browser)/./node_modules/next/dist/compiled/react-dom/cjs/react-dom.development.js:23370:9)
    at recursivelyTraversePassiveMountEffects (webpack-internal:///(app-pages-browser)/./node_modules/next/dist/compiled/react-dom/cjs/react-dom.development.js:23237:7)
    at commitPassiveMountOnFiber (webpack-internal:///(app-pages-browser)/./node_modules/next/dist/compiled/react-dom/cjs/react-dom.development.js:23256:9)
    at recursivelyTraversePassiveMountEffects (webpack-internal:///(app-pages-browser)/./node_modules/next/dist/compiled/react-dom/cjs/react-dom.development.js:23237:7)
    at commitPassiveMountOnFiber (webpack-internal:///(app-pages-browser)/./node_modules/next/dist/compiled/react-dom/cjs/react-dom.development.js:23256:9)
    at recursivelyTraversePassiveMountEffects (webpack-internal:///(app-pages-browser)/./node_modules/next/dist/compiled/react-dom/cjs/react-dom.development.js:23237:7)
    at commitPassiveMountOnFiber (webpack-internal:///(app-pages-browser)/./node_modules/next/dist/compiled/react-dom/cjs/react-dom.development.js:23370:9)
    at recursivelyTraversePassiveMountEffects (webpack-internal:///(app-pages-browser)/./node_modules/next/dist/compiled/react-dom/cjs/react-dom.development.js:23237:7)
    at commitPassiveMountOnFiber (webpack-internal:///(app-pages-browser)/./node_modules/next/dist/compiled/react-dom/cjs/react-dom.development.js:23256:9)
    at recursivelyTraversePassiveMountEffects (webpack-internal:///(app-pages-browser)/./node_modules/next/dist/compiled/react-dom/cjs/react-dom.development.js:23237:7)
    at commitPassiveMountOnFiber (webpack-internal:///(app-pages-browser)/./node_modules/next/dist/compiled/react-dom/cjs/react-dom.development.js:23370:9)
    at recursivelyTraversePassiveMountEffects (webpack-internal:///(app-pages-browser)/./node_modules/next/dist/compiled/react-dom/cjs/react-dom.development.js:23237:7)
[  165347ms] TypeError: Cannot read properties of undefined (reading 'set')
    at run (webpack-internal:///(app-pages-browser)/./src/components/landing-hero.tsx:1466:22)
    at eval (webpack-internal:///(app-pages-browser)/./src/components/landing-hero.tsx:1526:14)
    at commitHookEffectListMount (webpack-internal:///(app-pages-browser)/./node_modules/next/dist/compiled/react-dom/cjs/react-dom.development.js:21102:23)
    at invokePassiveEffectMountInDEV (webpack-internal:///(app-pages-browser)/./node_modules/next/dist/compiled/react-dom/cjs/react-dom.development.js:23980:13)
    at invokeEffectsInDev (webpack-internal:///(app-pages-browser)/./node_modules/next/dist/compiled/react-dom/cjs/react-dom.development.js:26852:9)
    at legacyCommitDoubleInvokeEffectsInDEV (webpack-internal:///(app-pages-browser)/./node_modules/next/dist/compiled/react-dom/cjs/react-dom.development.js:26835:5)
    at commitDoubleInvokeEffectsInDEV (webpack-internal:///(app-pages-browser)/./node_modules/next/dist/compiled/react-dom/cjs/react-dom.development.js:26816:7)
    at flushPassiveEffectsImpl (webpack-internal:///(app-pages-browser)/./node_modules/next/dist/compiled/react-dom/cjs/react-dom.development.js:26514:5)
    at flushPassiveEffects (webpack-internal:///(app-pages-browser)/./node_modules/next/dist/compiled/react-dom/cjs/react-dom.development.js:26438:14)
    at eval (webpack-internal:///(app-pages-browser)/./node_modules/next/dist/compiled/react-dom/cjs/react-dom.development.js:26172:9)
    at workLoop (webpack-internal:///(app-pages-browser)/./node_modules/next/dist/compiled/scheduler/cjs/scheduler.development.js:256:34)
    at flushWork (webpack-internal:///(app-pages-browser)/./node_modules/next/dist/compiled/scheduler/cjs/scheduler.development.js:225:14)
    at MessagePort.performWorkUntilDeadline (webpack-internal:///(app-pages-browser)/./node_modules/next/dist/compiled/scheduler/cjs/scheduler.development.js:534:21)
[  166687ms] [WARNING] [Fast Refresh] performing full reload because your application had an unrecoverable error @ webpack-internal:///(app-pages-browser)/./node_modules/next/dist/client/components/react-dev-overlay/app/hot-reloader-client.js:114
[  167474ms] [INFO] %cDownload the React DevTools for a better development experience: https://reactjs.org/link/react-devtools font-weight:bold @ webpack-internal:///(app-pages-browser)/./node_modules/next/dist/compiled/react-dom/cjs/react-dom.development.js:38559
